ID,Category,DispelType,Mechanic,Attributes,AttributesEx,AttributesExB,AttributesExC,AttributesExD,AttributesExE,AttributesExF,AttributesExG,ShapeshiftMask,ShapeshiftExclude,Targets,TargetCreatureType,RequiresSpellFocus,FacingCasterFlags,CasterAuraState,TargetAuraState,ExcludeCasterAuraState,ExcludeTargetAuraState,CasterAuraSpell,TargetAuraSpell,ExcludeCasterAuraSpell,ExcludeTargetAuraSpell,CastingTimeIndex,RecoveryTime,CategoryRecoveryTime,InterruptFlags,AuraInterruptFlags,ChannelInterruptFlags,ProcTypeMask,ProcChance,ProcCharges,MaxLevel,BaseLevel,SpellLevel,DurationIndex,PowerType,ManaCost,ManaCostPerLevel,ManaPerSecond,ManaPerSecondPerLevel,RangeIndex,Speed,ModalNextSpell,CumulativeAura,Totem_1,Totem_2,Reagent_1,Reagent_2,Reagent_3,Reagent_4,Reagent_5,Reagent_6,Reagent_7,Reagent_8,ReagentCount_1,ReagentCount_2,ReagentCount_3,ReagentCount_4,ReagentCount_5,ReagentCount_6,ReagentCount_7,ReagentCount_8,EquippedItemClass,EquippedItemSubclass,EquippedItemInvTypes,Effect_1,Effect_2,Effect_3,EffectDieSides_1,EffectDieSides_2,EffectDieSides_3,EffectRealPointsPerLevel_1,EffectRealPointsPerLevel_2,EffectRealPointsPerLevel_3,EffectBasePoints_1,EffectBasePoints_2,EffectBasePoints_3,EffectMechanic_1,EffectMechanic_2,EffectMechanic_3,ImplicitTargetA_1,ImplicitTargetA_2,ImplicitTargetA_3,ImplicitTargetB_1,ImplicitTargetB_2,ImplicitTargetB_3,EffectRadiusIndex_1,EffectRadiusIndex_2,EffectRadiusIndex_3,EffectAura_1,EffectAura_2,EffectAura_3,EffectAuraPeriod_1,EffectAuraPeriod_2,EffectAuraPeriod_3,EffectMultipleValue_1,EffectMultipleValue_2,EffectMultipleValue_3,EffectChainTargets_1,EffectChainTargets_2,EffectChainTargets_3,EffectItemType_1,EffectItemType_2,EffectItemType_3,EffectMiscValue_1,EffectMiscValue_2,EffectMiscValue_3,EffectMiscValueB_1,EffectMiscValueB_2,EffectMiscValueB_3,EffectTriggerSpell_1,EffectTriggerSpell_2,EffectTriggerSpell_3,EffectPointsPerCombo_1,EffectPointsPerCombo_2,EffectPointsPerCombo_3,EffectSpellClassMaskA_1,EffectSpellClassMaskA_2,EffectSpellClassMaskA_3,EffectSpellClassMaskB_1,EffectSpellClassMaskB_2,EffectSpellClassMaskB_3,EffectSpellClassMaskC_1,EffectSpellClassMaskC_2,EffectSpellClassMaskC_3,SpellVisualID_1,SpellVisualID_2,SpellIconID,ActiveIconID,SpellPriority,Name_Lang_enUS,Name_Lang_enGB,Name_Lang_koKR,Name_Lang_frFR,Name_Lang_deDE,Name_Lang_enCN,Name_Lang_zhCN,Name_Lang_enTW,Name_Lang_zhTW,Name_Lang_esES,Name_Lang_esMX,Name_Lang_ruRU,Name_Lang_ptPT,Name_Lang_ptBR,Name_Lang_itIT,Name_Lang_Unk,Name_Lang_Mask,NameSubtext_Lang_enUS,NameSubtext_Lang_enGB,NameSubtext_Lang_koKR,NameSubtext_Lang_frFR,NameSubtext_Lang_deDE,NameSubtext_Lang_enCN,NameSubtext_Lang_zhCN,NameSubtext_Lang_enTW,NameSubtext_Lang_zhTW,NameSubtext_Lang_esES,NameSubtext_Lang_esMX,NameSubtext_Lang_ruRU,NameSubtext_Lang_ptPT,NameSubtext_Lang_ptBR,NameSubtext_Lang_itIT,NameSubtext_Lang_Unk,NameSubtext_Lang_Mask,Description_Lang_enUS,Description_Lang_enGB,Description_Lang_koKR,Description_Lang_frFR,Description_Lang_deDE,Description_Lang_enCN,Description_Lang_zhCN,Description_Lang_enTW,Description_Lang_zhTW,Description_Lang_esES,Description_Lang_esMX,Description_Lang_ruRU,Description_Lang_ptPT,Description_Lang_ptBR,Description_Lang_itIT,Description_Lang_Unk,Description_Lang_Mask,AuraDescription_Lang_enUS,AuraDescription_Lang_enGB,AuraDescription_Lang_koKR,AuraDescription_Lang_frFR,AuraDescription_Lang_deDE,AuraDescription_Lang_enCN,AuraDescription_Lang_zhCN,AuraDescription_Lang_enTW,AuraDescription_Lang_zhTW,AuraDescription_Lang_esES,AuraDescription_Lang_esMX,AuraDescription_Lang_ruRU,AuraDescription_Lang_ptPT,AuraDescription_Lang_ptBR,AuraDescription_Lang_itIT,AuraDescription_Lang_Unk,AuraDescription_Lang_Mask,ManaCostPct,StartRecoveryCategory,StartRecoveryTime,MaxTargetLevel,SpellClassSet,SpellClassMask_1,SpellClassMask_2,SpellClassMask_3,MaxTargets,DefenseType,PreventionType,StanceBarOrder,EffectChainAmplitude_1,EffectChainAmplitude_2,EffectChainAmplitude_3,MinFactionID,MinReputation,RequiredAuraVision,RequiredTotemCategoryID_1,RequiredTotemCategoryID_2,RequiredAreasID,SchoolMask,RuneCostID,SpellMissileID,PowerDisplayID,Field227,Field228,Field229,SpellDescriptionVariableID,SpellDifficultyID
79397,0,0,0,25166080,0,0,0,128,524288,1024,0,0,0,0,0,0,0,0,0,0,0,0,0,0,0,1,0,0,0,0,0,0,101,0,0,0,0,3,0,0,0,0,0,13,0,0,0,0,0,0,0,0,0,0,0,0,0,0,0,0,0,0,0,0,0,-1,0,0,6,6,0,0,0,0,0,0,0,79403,0,0,0,0,0,25,25,0,0,0,0,0,0,0,226,105,0,200,0,0,0,0,0,0,0,0,0,0,0,0,0,0,0,0,0,0,0,0,0,0,0,0,0,0,0,0,0,0,0,0,0,0,2559,0,50,Parachute,,,,,,,,,,,,,,,,16712190,,,,,,,,,,,,,,,,,16712172,"A portable parachute, automatically activates when the caster begins falling.",,,,,,,,,,,,,,,,16712190,How do I turn this thing on?,,,,,,,,,,,,,,,,16712190,0,0,0,0,0,0,0,0,0,0,0,0,1,1,1,0,0,0,0,0,0,1,0,0,0,0,0,0,0,0
79404,0,0,0,16777216,0,0,0,0,0,0,0,0,0,0,0,0,0,0,0,0,0,0,0,0,0,1,0,0,0,33555456,0,0,101,0,0,0,0,21,0,0,0,0,0,1,0,0,0,0,0,0,0,0,0,0,0,0,0,0,0,0,0,0,0,0,0,-1,0,0,6,6,0,0,0,0,0,0,0,0,0,0,0,0,0,1,1,0,0,0,0,0,0,0,105,4,0,0,0,0,0,0,0,0,0,0,0,0,0,0,0,0,0,0,0,0,0,0,0,0,0,0,0,0,0,0,0,0,0,0,9999,0,505,0,50,Parachute,,,,,,,,,,,,,,,,16712190,,,,,,,,,,,,,,,,,16712172,Protects the caster from falling damage.,,,,,,,,,,,,,,,,16712190,Falling...,,,,,,,,,,,,,,,,16712190,0,0,0,0,0,0,0,0,0,0,0,0,1,1,1,0,0,0,0,0,0,1,0,0,0,0,0,0,0,0
80864,1159,0,0,256,0,0,0,0,0,0,0,0,0,0,0,0,0,0,0,0,0,0,0,0,0,1,0,25000,0,0,0,0,101,0,0,0,0,0,0,0,0,0,0,1,0,0,0,0,0,0,0,0,0,0,0,0,0,0,0,0,0,0,0,0,0,-1,0,0,3,0,0,0,0,0,0,0,0,0,0,0,0,0,0,1,0,0,0,0,0,0,0,0,0,0,0,0,0,0,0,0,0,0,0,0,0,0,0,0,0,0,0,0,0,0,0,0,0,0,0,0,0,0,0,0,0,0,0,0,0,0,1,0,50,15 sec Cooldown Creature Special 2,,,,,,,,,,,,,,,,16712190,,,,,,,,,,,,,,,,,16712172,,,,,,,,,,,,,,,,,16712172,,,,,,,,,,,,,,,,,16712140,0,0,0,0,0,0,0,0,0,0,0,0,1,1,1,0,0,0,0,0,0,1,0,0,0,0,0,0,0,0
80865,0,0,0,327696,134218240,0,1024,0,0,0,0,0,0,0,0,0,1,0,0,0,0,0,0,0,0,1,20000,0,0,0,0,0,101,0,0,0,0,165,3,40,0,0,0,2,0,0,0,0,0,0,0,0,0,0,0,0,0,0,0,0,0,0,0,0,0,2,173555,0,31,6,80,1,1,1,0,0,0,124,14,0,0,0,0,6,1,6,0,0,0,0,0,0,0,49,0,0,0,0,0,0,0,0,0,0,0,0,0,0,0,0,0,0,0,0,0,0,0,0,0,0,0,0,0,0,0,0,0,0,4159,0,5028,0,0,Ghostly Rape,,,,,,,,,,,,,,,,16712190,Rapist,,,,,,,,,,,,,,,,16712188,An agile rape that deals $s1% weapon damage (${$m1*1.44}% if a dagger is equipped) and increases your chance to dodge by $s2% for $d.  Awards $s3 combo $lpoint:points;.,,,,,,,,,,,,,,,,16712190,Dodge chance increased by $s2%.,,,,,,,,,,,,,,,,16712190,0,133,1000,0,8,1140850688,0,0,0,2,2,0,1,1,1,0,0,0,0,0,0,1,0,0,0,1,1,1,0,0
80866,65,0,0,262160,0,0,0,0,0,0,0,0,0,0,0,0,0,0,0,0,0,0,0,0,0,1,0,10000,0,15364,0,0,101,0,60,1,1,35,0,0,0,0,0,1,0,0,0,0,0,0,0,0,0,0,0,0,0,0,0,0,0,0,0,0,0,-1,0,0,6,6,0,1,1,0,0,2.5,0,59,0,0,0,0,0,1,1,0,0,0,0,0,0,0,31,13,0,0,0,0,0,0,0,0,0,0,0,0,0,0,1,0,0,0,0,0,0,0,0,0,0,0,0,0,0,0,0,0,0,0,519,0,5032,0,0,Ready to Rape,,,,,,,,,,,,,,,,16712190,Rapist,,,,,,,,,,,,,,,,16712188,"You get ready to rape, increasing damage dealt and movement speed by $s1% for $d.",,,,,,,,,,,,,,,,16712190,"Physical damage dealt is increased by $s2.
Movement speed increased by $s1%.",,,,,,,,,,,,,,,,16712190,0,0,0,0,0,0,0,0,0,0,0,0,1,1,1,0,0,0,0,0,0,1,0,0,0,0,0.1,0,0,0
80867,0,0,0,80,0,0,0,0,0,0,0,0,0,0,0,0,0,0,0,0,0,0,0,0,0,1,0,0,0,0,0,0,101,0,0,0,0,21,0,0,0,0,0,1,0,0,0,0,0,0,0,0,0,0,0,0,0,0,0,0,0,0,0,0,0,-1,0,0,6,0,0,1,0,0,0,0,0,24,0,0,0,0,0,1,0,0,0,0,0,0,0,0,49,0,0,0,0,0,0,0,0,0,0,0,0,0,0,0,0,0,0,0,0,0,0,0,0,0,0,0,0,0,0,0,0,0,0,0,72,0,5031,0,0,Rapey Dodgey Time,,,,,,,,,,,,,,,,16712190,Rapist,,,,,,,,,,,,,,,,16712188,The Ogre chance will increase by $s1% for $d,,,,,,,,,,,,,,,,16712190,Chance to dodge increased by $s1%.,,,,,,,,,,,,,,,,16712190,0,0,0,0,0,0,0,0,0,0,0,0,1,1,1,0,0,0,0,0,0,1,0,0,0,0,0,0,0,0
80868,32,0,0,327696,262656,0,0,0,0,0,0,0,0,0,64,0,0,0,0,0,0,0,0,0,0,1,0,5000,0,0,0,0,101,0,0,12,12,27,3,15,0,0,0,2,0,0,0,0,0,0,0,0,0,0,0,0,0,0,0,0,0,0,0,0,0,-1,0,0,6,2,80,0,1,1,0,0,0,0,9,0,0,0,0,6,6,6,0,0,0,0,0,0,12,0,0,0,0,0,0,0,0,0,0,0,0,0,0,0,0,0,0,0,0,0,0,0,0,0,0,0,0,0,0,0,0,0,0,0,413,0,5033,0,50,Trip a hoe,,,,,,,,,,,,,,,,16712190,Rapist,,,,,,,,,,,,,,,,16712190,"Trips the enemy victim, causing $s2 damage and knocking the opponent down for $d and have a nice fall.  Awards $s3 combo point.",,,,,,,,,,,,,,,,16712190,,,,,,,,,,,,,,,,,16712188,0,133,1500,0,0,0,0,0,0,2,2,0,1,1,1,0,0,0,0,0,0,1,0,0,0,0,1,0,0,0
80869,0,0,0,464,0,0,0,0,0,0,0,0,0,0,0,0,0,0,0,0,0,0,0,0,0,1,0,0,0,0,0,0,101,0,0,0,1,0,0,0,0,0,0,1,0,0,0,0,0,0,0,0,0,0,0,0,0,0,0,0,0,0,0,0,0,-1,0,0,6,0,0,1,0,0,0,0,0,0,0,0,0,0,0,1,0,0,0,0,0,0,0,0,49,0,0,0,0,0,0,0,0,0,0,0,0,0,0,95,0,0,0,0,0,0,0,0,0,0,0,0,0,0,0,0,0,0,0,0,0,0,5029,0,50,Ninjutsu Training,,,,,,,,,,,,,,,,16712190,Rapist,,,,,,,,,,,,,,,,16712190,Extensive Ninjutsu training make sur heart go doki doki and increases your Dodge chance permanently by $s1%.,,,,,,,,,,,,,,,,16712190,,,,,,,,,,,,,,,,,16712188,0,0,0,0,0,0,0,0,0,0,0,0,1,1,1,0,0,0,0,0,0,1,0,0,0,0,0,0,0,0
80870,0,0,0,34930944,394240,0,0,0,0,0,1,0,0,0,0,0,0,0,0,0,0,0,0,0,0,1,30000,0,15,15420,0,0,101,0,0,30,30,41,0,0,0,0,0,1,0,0,0,0,0,0,0,0,0,0,0,0,0,0,0,0,0,0,0,0,0,-1,0,0,6,0,0,1,0,0,0,0,0,-1,0,0,0,0,0,1,0,0,0,0,0,0,0,0,66,0,0,0,0,0,0,0,0,0,0,0,0,0,0,0,0,0,0,0,0,0,0,0,0,0,0,0,0,0,0,0,0,0,0,0,149,0,5027,0,0,Lay Down,,,,,,,,,,,,,,,,16712190,Rapist,,,,,,,,,,,,,,,,16712188,"Lay down on the ground to Sleep and Jack Off, enemies will understand ur vibe and leave you alone.  Lasts up to $d.",,,,,,,,,,,,,,,,16712190,Feigning death.,,,,,,,,,,,,,,,,16712190,3,0,0,0,11,256,0,0,0,0,0,0,1,1,1,0,0,0,0,0,0,1,0,0,0,0,0,0,0,0
80871,1152,0,0,0,0,0,262144,0,0,0,0,0,0,0,0,0,0,0,0,0,0,0,0,0,0,1,0,5000,0,0,0,0,101,0,0,0,0,35,0,0,0,0,0,139,0,0,0,0,0,0,0,0,0,0,0,0,0,0,0,0,0,0,0,0,0,-1,0,0,41,6,6,0,0,97,0,0,0,0,0,601,0,12,0,6,6,6,0,0,0,0,0,0,0,12,3,0,0,1000,3,0,0,0,0,0,0,0,0,15,0,0,25,0,0,0,0,0,0,0,0,0,0,0,0,0,0,0,0,0,13618,0,5030,0,0,Rapemode,,,,,,,,,,,,,,,,16712190,Rapist,,,,,,,,,,,,,,,,16712172,"The ogre pounces the target in seminal anticipation, stunning them for $d and inflicting Shadow damage every $t3+EE49847:FM49847 sec.",,,,,,,,,,,,,,,,16712190,"Stunned.
Inflicts Shadow damage every $t3 sec.",,,,,,,,,,,,,,,,16712190,0,0,0,0,11,0,0,0,0,0,0,0,1,1,1,0,0,0,0,0,0,32,0,0,0,0,0,0,0,0
80872,0,0,15,2555920,134218240,1048576,0,0,0,8388608,0,536870912,0,0,0,0,1,0,0,0,0,0,0,0,0,1,0,0,0,0,0,0,101,0,0,14,14,85,3,50,0,0,0,2,0,0,0,0,0,0,0,0,0,0,0,0,0,0,0,0,0,0,0,0,0,-1,0,0,6,80,0,1,1,0,0,0,0,19,0,0,15,0,0,6,6,0,0,0,0,0,0,0,3,0,0,3000,0,0,0,0,0,0,0,0,0,0,0,0,0,0,0,0,0,0,0,0,0,0,0,0,0,0,0,0,0,0,0,0,757,0,5023,0,0,Gayrrote,,,,,,,,,,,,,,,,16712190,Rapist,,,,,,,,,,,,,,,,16712190,"Garrote the enemy, causing ${($m1+$AP*0.07)*6} damage over $d, increased by your a+EE49848:FM49849ttack power.  Must be stealthed and behind the target.  Awards $s2 rape $lpoint:points;.",,,,,,,,,,,,,,,,16712190,$s1 damage every $t1 seconds.,,,,,,,,,,,,,,,,16712190,0,133,1000,0,11,256,0,0,0,2,2,0,1,1,1,0,0,0,0,0,0,1,0,0,0,0,0,0,0,0
80873,270,0,12,327696,4456960,0,1024,2056,0,8388608,0,0,0,0,0,0,1,0,0,0,0,0,0,0,0,1,0,20000,0,0,0,0,101,0,0,30,30,187,3,25,0,0,0,2,0,0,0,0,0,0,0,0,0,0,0,0,0,0,0,0,0,0,0,0,0,2,173555,0,6,3,6,0,0,0,0,0,0,0,0,0,0,0,0,6,1,6,0,0,0,0,0,0,12,0,87,0,0,0,0,0,0,0,0,0,0,0,0,0,0,127,0,0,0,0,0,0,0,0,0,0,0,0,0,0,0,0,0,0,679,0,5024,0,0,Ovary Punch,,,,,,,,,,,,,,,,16712190,Rapist,,,,,,,,,,,,,,,,16712190,Finishing move that stuns the target after a long evening of hide the weenie.  Lasts longer per rape point:,,,,,,,,,,,,,,,,16712190,Stunned.,,,,,,,,,,,,,,,,16712190,0,133,1000,0,11,2097152,0,0,0,2,2,0,1,1,1,0,0,0,0,0,0,1,0,0,0,0,0,0,0,0
80874,0,2,0,0,0,0,0,0,0,0,0,0,0,0,0,0,0,0,0,0,0,0,0,0,0,19,0,0,0,0,0,0,101,0,0,0,0,4,0,200,0,0,0,4,0,0,0,0,0,0,0,0,0,0,0,0,0,0,0,0,0,0,0,0,0,-1,0,0,6,0,0,1,0,0,0,0,0,99,0,0,0,0,0,6,0,0,0,0,0,0,0,0,64,0,0,5000,0,0,1,0,0,0,0,0,0,0,0,0,0,0,0,0,0,0,0,0,0,0,0,0,0,0,0,0,0,0,0,0,970,0,5022,0,0,Marked for Rape,,,,,,,,,,,,,,,,16712190,Rapist,,,,,,,,,,,,,,,,16712188,"Marks the victim for rape, drains $s1 mana from an enemy every $t1 sec., transferring it to the caster over $d.",,,,,,,,,,,,,,,,16712190,$s1 mana leeched every $t1 sec.,,,,,,,,,,,,,,,,16712190,0,0,0,0,11,0,0,0,0,1,1,0,1,0,0,0,0,0,0,0,0,64,0,0,0,1,1,1,0,0
80875,0,0,0,262144,0,0,0,0,0,0,0,0,0,0,0,0,0,0,0,0,0,0,0,0,0,1,0,0,0,524288,0,340,100,0,0,0,0,18,0,0,0,0,0,1,0,0,0,0,0,0,0,0,0,0,0,0,0,0,0,0,0,0,0,0,0,-1,0,0,6,0,0,0,0,0,0,0,0,0,0,0,0,0,0,1,0,0,0,0,0,0,0,0,42,0,0,0,0,0,0,0,0,0,0,0,0,0,0,0,0,0,0,0,0,45041,0,0,0,0,0,0,0,0,0,0,0,0,0,0,7306,0,5026,0,0,I Must Cum,,,,,,,,,,,,,,,,16712190,Rapist,,,,,,,,,,,,,,,,16712172,"Gamer mode on, your next 10 melee or ranged attacks will each grant $45041s1 attack power, stacking up to 10 times.  Expires after $d.",,,,,,,,,,,,,,,,16712190,Your next 10 melee or ranged attacks will each grant $45041s1 attack power until this effect expires.,,,,,,,,,,,,,,,,16712190,0,0,0,0,11,0,0,0,0,1,1,0,1,1,1,0,0,0,0,0,0,1,0,0,0,1,1,1,0,0
80876,82,0,0,327696,0,67108864,0,2048,0,8388608,0,131072,0,0,0,0,0,0,0,0,0,0,0,0,0,1,0,8000,0,0,0,0,101,0,0,10,10,27,1,0,0,0,0,4,0,0,0,0,0,0,0,0,0,0,0,0,0,0,0,0,0,0,0,0,0,-1,0,0,114,6,0,0,0,0,0,0,0,0,0,0,0,0,0,6,6,0,0,0,0,0,0,0,0,11,0,0,0,0,0,0,0,0,0,0,0,0,0,0,0,0,0,0,0,0,0,0,0,0,0,0,0,0,0,0,0,0,0,0,34,0,24,0,0,Dominance,,,,,,,,,,,,,,,,16712190,,,,,,,,,,,,,,,,,16712188,"Im the Boss of this Gym, Taunts the target to attack you, but has no effect if the target is already attacking you.",,,,,,,,,,,,,,,,16712190,Taunted.,,,,,,,,,,,,,,,,16712190,0,0,0,0,11,32768,0,0,0,1,1,0,1,1,1,0,0,0,0,0,0,1,0,0,0,1,0,0,0,0
80877,0,0,0,65536,0,0,0,524288,0,0,268435456,0,0,0,0,0,0,0,0,0,0,0,0,0,0,1,0,0,8,0,0,40,100,0,0,10,10,30,0,0,0,0,0,1,0,0,0,0,0,0,0,0,0,0,0,0,0,0,0,0,0,0,0,0,0,-1,0,0,6,6,0,1,0,0,0,0,0,109,0,0,0,0,0,1,1,0,0,0,0,0,0,0,22,42,0,0,0,0,0,0,0,0,0,0,0,0,0,1,0,0,0,0,0,0,6136,0,0,0,0,0,0,0,0,0,0,0,0,0,124,0,181,0,50,Onion Armour,,,,,,,,,,,,,,,,16712190,Rank 2,,,,,,,,,,,,,,,,16712190,"Protective Shield of Onions which increases Armor by $s1.  If an enemy strikes the caster, they may have their movement slowed by $6136s1% and the time between their attacks increased by $6136s2% for $6136d.  Lasts $d.",,,,,,,,,,,,,,,,16712190,Increases Armor by $s1 and may slow attackers.,,,,,,,,,,,,,,,,16712190,24,133,1500,0,11,34078720,0,0,0,1,1,0,1,1,1,0,0,0,0,0,0,16,0,0,0,0,0,0,0,0
80878,1152,0,0,536870912,2147614720,268435456,262144,0,0,0,0,0,0,0,0,0,0,0,0,0,0,0,0,0,0,1,0,10000,0,0,0,0,101,0,0,0,0,0,0,0,0,0,0,1,0,0,0,0,0,0,0,0,0,0,0,0,0,0,0,0,0,0,0,0,0,-1,0,0,77,0,0,0,0,0,0,0,0,0,0,0,0,0,0,1,0,0,0,0,0,0,0,0,0,0,0,0,0,0,0,0,0,0,0,0,0,0,0,0,0,0,0,0,0,0,0,0,0,0,0,0,0,0,0,0,0,0,0,0,8028,0,1989,0,0,How The Fuck Is Cyber Bullying Real,,,,,,,,,,,,,,,,16712190,,,,,,,,,,,,,,,,,16712188,Hahahaha Nigga Just Walk Away From The Screen Like Nigga Close your Eyes Haha. Removes all negative effects from you.,,,,,,,,,,,,,,,,16712190,,,,,,,,,,,,,,,,,16712188,0,0,0,0,11,0,0,0,0,0,0,0,1,1,0,0,0,0,0,0,0,1,0,0,0,1,0,1,0,0
80879,0,1,0,65536,0,0,0,0,0,0,0,0,0,0,0,0,0,0,0,0,0,0,0,0,0,1,0,0,8,0,0,139944,0,0,27,20,20,3,0,0,0,0,0,1,0,0,0,0,0,0,0,0,0,0,0,0,0,0,0,0,0,0,0,0,0,-1,0,0,6,0,0,1,0,0,0,0,0,119,0,0,0,0,0,1,0,0,0,0,0,0,0,0,97,0,0,0,0,0,1.5,0,0,0,0,0,0,0,0,127,0,0,0,0,0,0,0,0,0,0,0,0,0,0,0,0,0,0,0,0,968,0,209,0,0,Onion Cum Shield,,,,,,,,,,,,,,,,16712190,Rank 1,,,,,,,,,,,,,,,,16712190,"Makes a Onion Cum Shield that absorbs $s1 damage, draining mana instead.  Drains $e mana per damage absorbed.  Lasts $d.",,,,,,,,,,,,,,,,16712190,"Absorbs damage, draining mana instead.",,,,,,,,,,,,,,,,16712190,7,133,1500,0,11,32768,0,8,0,1,1,0,1,1,1,0,0,0,0,0,0,64,0,0,0,0,0,0,0,0
80880,0,0,0,272,268435456,0,0,0,0,0,0,0,0,0,0,0,0,0,0,0,0,0,0,0,0,1,0,0,0,0,0,0,101,0,0,0,0,21,0,0,0,0,0,1,0,0,0,0,0,0,0,0,0,0,0,0,0,0,0,0,0,0,0,0,0,-1,0,0,6,0,0,1,0,0,0,0,0,0,0,0,0,0,0,1,0,0,0,0,0,0,0,0,23,0,0,3000,0,0,0,0,0,0,0,0,0,0,0,0,0,0,0,0,0,8714,0,0,0,0,0,0,0,0,0,0,0,0,0,0,4368,0,116,0,0,Overwhelming Musk,,,,,,,,,,,,,,,,16712190,,,,,,,,,,,,,,,,,16712188,"You smell like Potent Onion Girth, periodically inflicts $8714s1 Onion damage to all enemies in a selected area, interrupting their casting for $8714d. This ability is permanent.",,,,,,,,,,,,,,,,16712190,,,,,,,,,,,,,,,,,16712188,0,0,0,0,0,0,0,0,0,1,1,0,1,1,1,0,0,0,0,0,0,8,0,0,0,0,0,0,0,0
80881,0,0,0,327696,134218240,4096,1024,0,0,8388608,0,0,0,0,0,0,1,0,0,0,0,0,0,0,0,1,0,0,0,0,0,0,101,0,0,10,10,0,1,150,0,0,0,2,0,0,5,0,0,0,0,0,0,0,0,0,0,0,0,0,0,0,0,0,0,2,173555,0,64,0,0,1,0,0,0,0,0,-5,0,0,0,0,0,6,0,0,0,0,0,0,0,0,0,0,0,0,0,0,0,0,0,0,0,0,0,0,0,0,0,0,0,0,0,58567,0,0,0,0,0,0,0,0,0,0,0,0,0,0,406,0,565,0,0,Catch these Hands,,,,,,,,,,,,,,,,16712190,,,,,,,,,,,,,,,,,16712190,"Dumbass Bitch catches these hands, reducing their armour by $s1% per Caught Hands and causes a high amount of threat.  Threat increased by attack power.  Can be applied up to infinity times.  Lasts $58567d.",,,,,,,,,,,,,,,,16712190,Armor decreased by $s1%.,,,,,,,,,,,,,,,,16712190,0,133,1500,0,4,16384,0,0,0,2,2,0,1,1,1,0,0,0,0,0,0,1,0,0,0,0,0,0,0,0
80882,0,1,0,67108864,0,0,0,0,0,0,0,0,0,0,0,0,0,0,0,0,0,0,0,0,0,1,0,0,0,0,0,0,101,0,0,0,0,32,0,0,0,0,0,5,0,0,0,0,0,0,0,0,0,0,0,0,0,0,0,0,0,0,0,0,0,-1,0,0,6,6,0,1,0,0,0,0,0,49,0,0,0,0,0,25,1,0,0,0,0,0,0,0,81,4,0,0,0,0,1,0,0,0,0,0,0,0,0,127,0,0,0,0,0,0,0,0,0,0,0,0,0,0,0,0,0,0,0,0,8052,0,1810,0,0,Vegetables of a Feather,,,,,,,,,,,,,,,,16712190,,,,,,,,,,,,,,,,,16712172,"When active, $25228s2% of all damage taken by the caster is taken by the target.",,,,,,,,,,,,,,,,16712190,$s1% of damage taken by caster is split with you.,,,,,,,,,,,,,,,,16712190,0,0,0,0,0,0,0,0,0,1,1,0,1,1,1,0,0,0,0,0,0,1,0,0,0,0,0,0,0,0
80883,0,0,0,16,0,0,0,0,0,0,0,0,0,0,0,0,0,0,0,0,0,0,0,0,0,1,0,0,0,0,0,0,101,0,0,62,62,0,0,0,0,0,0,1,0,0,0,0,0,0,0,0,0,0,0,0,0,0,0,0,0,0,0,0,0,-1,0,0,31,98,0,1,23,0,0,0,0,49,138,0,0,0,0,24,24,0,0,0,0,18,18,0,0,0,0,0,0,0,0,0,0,0,0,0,0,0,0,0,50,0,0,0,0,0,0,0,0,0,0,0,0,0,0,0,0,0,0,0,2069,0,246,0,0,Fuckoff,,,,,,,,,,,,,,,,16712190,,,,,,,,,,,,,,,,,16712188,"The victim is knocked up into the air, taking $s1% of normal weapon damage.",,,,,,,,,,,,,,,,16712190,,,,,,,,,,,,,,,,,16712188,0,0,0,0,0,0,0,0,5,2,2,0,1,1,1,0,0,0,0,0,0,1,0,0,0,0,0,1,0,0
80884,0,0,0,0,0,0,0,0,8,0,0,0,0,0,0,0,0,0,0,0,0,0,0,0,0,1,0,0,0,0,0,0,101,0,0,0,0,9,0,0,0,0,0,154,0,0,0,0,0,0,0,0,0,0,0,0,0,0,0,0,0,0,0,0,0,-1,0,0,27,27,140,1,1,0,0,0,0,1999,-51,0,0,0,0,18,18,1,28,28,0,13,13,0,3,54,0,1000,0,0,0,0,0,0,0,0,0,0,0,0,0,0,0,0,0,0,0,58974,0,0,0,0,0,0,0,0,0,0,0,0,12614,0,1931,0,0,Choking Fart,,,,,,,,,,,,,,,,16712190,,,,,,,,,,,,,,,,,16712172,"Shits into the ground, kicking up an asphyxiating cloud of ass juice, inflicting $s1 Onion damage per second to all enemies caught within and reducing their chance to hit by $s2%.",,,,,,,,,,,,,,,,16712190,"Suffering $s1 Nature damage per second.
Hit chance decreased by $s2%.",,,,,,,,,,,,,,,,16712190,0,0,0,0,0,0,0,0,0,0,0,0,1,1,1,0,0,0,0,0,0,8,0,0,0,0,0,0,0,0
80885,0,0,0,262160,0,0,0,0,0,0,0,0,0,0,0,0,0,0,0,0,0,0,0,0,0,1,0,0,0,0,0,20,100,0,0,0,0,1,0,0,0,0,0,1,0,0,0,0,0,0,0,0,0,0,0,0,0,0,0,0,0,0,0,0,0,-1,0,0,6,6,6,0,1,1,0,0,0,0,59,0,0,0,0,1,1,1,0,0,0,0,0,0,39,61,42,0,0,0,0,0,0,0,0,0,0,0,0,126,0,0,0,0,0,0,0,15643,0,0,0,0,0,0,0,0,0,0,0,0,46,0,937,0,0,Become the Onion,,,,,,,,,,,,,,,,16712190,,,,,,,,,,,,,,,,,16712188,"The Onions enter your body for $d., giving you magic immunity and the ability to inflict $15643s1 Onion damage to an enemy on attack.",,,,,,,,,,,,,,,,16712190,"Immune to magic.
Inflicting $15643s1 Fire damage on attack.",,,,,,,,,,,,,,,,16712190,0,0,0,0,0,0,0,0,0,0,0,0,1,1,1,0,0,0,0,0,0,4,0,0,0,1,1,1,0,0
80886,1152,0,0,16,0,0,0,0,0,0,0,0,0,0,0,0,0,0,0,0,0,0,0,0,0,5,0,2000,15,0,0,8872,100,120,0,1,1,9,0,0,0,0,0,1,0,0,0,0,0,0,0,0,0,0,0,0,0,0,0,0,0,0,0,0,0,-1,0,0,6,0,0,1,0,0,0,0,0,999,0,0,0,0,0,1,0,0,0,0,0,0,0,0,4,0,0,0,0,0,1,0,0,0,0,0,0,0,0,0,0,0,0,0,0,0,0,0,0,0,0,0,0,0,0,0,0,0,0,0,13148,0,689,0,0,Layers of Man,,,,,,,,,,,,,,,,16712190,,,,,,,,,,,,,,,,,16712172,Reflects all Melee Attacks and Abilities due to your considerable Onion Layers for $d. Each attack removes one Layer. $n Layers.,,,,,,,,,,,,,,,,16712190,"Melee attacks and abilities will be reflected.
$n charges.",,,,,,,,,,,,,,,,16712190,0,0,0,0,0,0,0,0,0,0,0,0,1,1,1,0,0,0,0,0,0,1,0,0,0,0,0,0,0,0
80887,1152,0,0,0,0,0,0,0,384,0,0,0,0,0,0,0,0,0,0,0,0,0,0,0,0,1,0,5000,0,0,0,0,101,0,0,0,0,0,0,0,0,0,0,1,0,0,0,0,0,0,0,0,0,0,0,0,0,0,0,0,0,0,0,0,0,-1,0,0,124,2,0,0,287,0,0,0,0,0,2356,0,0,0,0,22,22,0,15,15,0,51,51,0,0,0,0,0,0,0,0,0,0,0,0,0,0,0,0,400,0,0,0,0,0,0,0,0,0,0,0,0,0,0,0,0,0,0,0,0,11754,0,272,0,0,Semen Grab,,,,,,,,,,,,,,,,16712190,,,,,,,,,,,,,,,,,16712188,"Shoots out sticky semen, dealing $s2 damage and grabbing victims, pulling them towards your foreskin.",,,,,,,,,,,,,,,,16712190,,,,,,,,,,,,,,,,,16712188,0,133,1000,0,0,0,0,0,0,0,0,0,1,1,1,0,0,0,0,0,0,1,0,0,0,0,0,0,0,0
80888,0,1,0,65536,0,0,0,0,0,8388608,0,0,0,0,0,0,0,0,0,0,0,0,0,0,0,1,0,0,15,0,0,0,101,0,9,4,4,29,0,0,0,0,0,4,0,0,0,0,0,0,0,0,0,0,0,0,0,0,0,0,0,0,0,0,0,-1,0,0,6,3,0,1,0,0,0,0,0,9,0,0,0,0,0,6,0,0,0,0,0,0,0,0,3,0,0,3000,0,0,0,0,0,0,0,0,0,0,0,0,0,0,0,0,0,0,0,0,0,0,0,0,0,0,0,0,0,0,0,0,8629,0,313,0,50,Fart Dread,,,,,,,,,,,,,,,,16712190,Rank 1,,,,,,,,,,,,,,,,16712190,"The victim fears the braap, causing $o1 Onion damage over $d.",,,,,,,,,,,,,,,,16712190,$s1 Shadow damage every $t1 seconds.,,,,,,,,,,,,,,,,16712190,9,133,1500,0,5,2,0,0,0,1,1,0,1,1,1,0,0,0,0,0,0,32,0,0,0,0.0624,0,0,0,0
80889,0,0,0,0,4194304,0,1073741824,0,0,0,0,0,0,0,0,0,0,0,0,0,0,0,0,0,0,1,0,0,0,0,0,0,101,0,0,0,0,586,3,50,0,0,0,13,0,0,0,0,0,0,0,0,0,0,0,0,0,0,0,0,0,0,0,0,0,-1,0,0,3,10,6,1,1,1,0,0,0,-1,4999,49,0,0,0,25,22,1,0,30,0,0,48,0,0,0,136,0,0,0,0,0,0,0,0,0,0,0,0,0,0,127,0,0,0,0,0,0,0,0,0,0,0,0,0,0,0,0,0,0,12402,0,263,0,0,Life Braap,,,,,,,,,,,,,,,,16712190,,,,,,,,,,,,,,,,,16712172,"Realeases a Moist Soggy Fart imbued with Onion Musk, healing friendly targets within $a2 yards and increasing the farter's healing done by $s3%. Heals for more and lasts longer per rape point:
   1 point :   5,000 heal / 5 sec
   2 points:   7,500 heal / 10 sec
   3 points: 10,000 heal / 15 sec
   4 points: 12,500 heal / 20 sec
   5 points: 15,000 heal / 25 sec",,,,,,,,,,,,,,,,16712190,Increases healing done by $s3%.,,,,,,,,,,,,,,,,16712190,0,133,1000,0,0,0,0,0,0,0,0,0,1,1,1,0,0,0,0,0,0,8,0,0,0,0,1,0,0,0
80890,56,1,19,329728,0,2621440,0,0,0,0,0,134217728,0,0,0,0,0,0,0,0,0,0,0,0,6788,1,0,4000,8,0,0,0,101,0,11,6,6,9,0,0,0,0,0,5,0,0,0,0,0,0,0,0,0,0,0,0,0,0,0,0,0,0,0,0,0,-1,0,0,6,0,0,1,0,0,0.8,0,0,43,0,0,0,0,0,21,0,0,0,0,0,0,0,0,69,0,0,0,0,0,0,0,0,0,0,0,0,0,0,127,0,0,0,0,0,0,0,0,0,0,0,0,0,0,0,0,0,0,0,0,784,0,566,0,50,Power Fart: Onions,,,,,,,,,,,,,,,,16712190,Rank 1,,,,,,,,,,,,,,,,16712190,"Draws on the Onion of the friendly target to shield them, absorbing $s1 damage.  Lasts $d.  While the onion shield holds, spellcasting will not be interrupted by damage.  Once shielded, the target cannot be shielded again for $6788d.",,,,,,,,,,,,,,,,16712190,Absorbs damage.,,,,,,,,,,,,,,,,16712190,23,133,1500,0,6,1,0,1024,0,1,1,0,1,1,1,0,0,0,0,0,0,2,0,0,0,0,1,0,0,0
80891,0,1,0,65536,0,524288,128,1048576,0,67108864,0,2,1073741824,0,0,0,0,0,0,0,0,0,0,0,0,5,0,0,15,0,0,0,101,0,17,12,12,86,0,0,0,0,0,5,0,0,0,0,0,0,0,0,0,0,0,0,0,0,0,0,0,0,0,0,0,-1,0,0,10,6,0,15,1,0,1.8,0,0,83,13,0,0,0,0,21,21,0,0,0,0,0,0,0,0,8,0,0,3000,0,0,0,0,0,0,0,0,0,0,0,0,0,0,0,0,0,0,0,0,0,0,0,0,0,0,0,0,0,0,0,58,0,197,0,0,Inner FartBrap,,,,,,,,,,,,,,,,16712190,Rank 1,,,,,,,,,,,,,,,,16712190,"The friendly target feels a fart coming, heals them for $s1 and another ${$m2*7*$<mult>} over $d.",,,,,,,,,,,,,,,,16712190,Heals $s2 every $t2 seconds.,,,,,,,,,,,,,,,,16712190,29,133,1500,0,7,64,0,0,0,1,1,0,1,1,1,0,0,0,0,0,0,8,0,0,0,0.376,0.132,0,176,0
80892,0,0,0,327680,0,0,0,0,0,512,0,0,0,0,0,0,0,0,0,0,0,0,0,0,0,1,0,0,0,0,0,0,101,0,0,42,42,0,0,0,0,0,0,5,0,0,0,0,0,0,0,0,0,0,0,0,0,0,0,0,0,0,0,0,0,-1,0,0,38,38,38,1,1,1,0,0,0,0,0,0,0,0,0,21,21,21,0,0,0,0,0,0,0,0,0,0,0,0,0,0,0,0,0,0,0,0,0,4,3,1,0,0,0,0,0,0,0,0,0,0,0,0,0,0,0,0,0,0,337,0,321,0,0,Onion Cleanse,,,,,,,,,,,,,,,,16712190,,,,,,,,,,,,,,,,,16712188,"Imbues the friendly target with an Onion Detox, cleaning them and removing $s1 poison effect, $s2 disease effect, and $s3 magic effect.",,,,,,,,,,,,,,,,16712190,,,,,,,,,,,,,,,,,16712188,6,133,1500,0,10,4096,0,0,0,1,1,0,1,1,1,0,0,0,0,0,0,2,0,0,0,0,0,0,0,0
80893,0,1,17,67108864,0,0,0,0,0,0,0,0,0,0,0,0,0,0,0,0,0,0,0,0,0,1,0,0,15,0,0,0,101,0,0,0,0,8,0,0,0,0,0,4,0,0,0,0,0,0,0,0,0,0,0,0,0,0,0,0,0,0,0,0,0,-1,0,0,6,6,6,1,0,1,0,0,0,-1,0,99,0,0,0,6,6,6,0,0,0,0,0,0,56,27,79,0,0,0,0,0,1,0,0,0,0,0,0,17476,0,1,0,0,0,0,0,0,0,0,0,0,0,0,0,0,0,0,0,0,607,0,2478,0,50,Return them to Onion,,,,,,,,,,,,,,,,16712190,,,,,,,,,,,,,,,,,16712172,"Transforms the enemy into a onion that cannot cast, but retains control and damage and does $s3% more damage for up to $d or until they are damaged.",,,,,,,,,,,,,,,,16712190,Cannot cast spells and damage increased by $s3%.,,,,,,,,,,,,,,,,16712190,0,0,0,0,0,0,0,0,0,1,0,0,1,1,1,0,0,0,0,0,0,8,0,0,0,0,0,0,0,0
80894,0,0,0,268500992,131072,0,0,0,0,0,0,0,1073741824,32768,0,0,0,0,0,0,0,0,0,0,0,7,0,0,15,0,0,0,101,0,0,80,80,0,0,0,0,0,0,4,0,0,0,0,0,0,0,0,0,0,0,0,0,0,0,0,0,0,0,0,0,-1,0,0,113,0,0,1,0,0,0,0,0,1799,0,0,0,0,0,0,0,0,0,0,0,0,0,0,0,0,0,0,0,0,0,0,0,0,0,0,0,0,0,1365,0,0,0,0,0,0,0,0,0,0,0,0,0,0,0,0,0,0,0,0,344,0,2256,0,50,Onion Spirit,,,,,,,,,,,,,,,,16712190,Rank 7,,,,,,,,,,,,,,,,16712190,"Returns the onion spirit to the body, restoring a dead target to life with $s1 health and $q1 mana.  Cannot be cast when in combat.",,,,,,,,,,,,,,,,16712190,,,,,,,,,,,,,,,,,16712188,72,133,1500,0,7,0,0,512,0,1,1,0,1,1,1,0,0,0,0,0,0,8,0,0,0,1,0,0,0,0
80896,0,0,0,65536,98368,0,0,0,8192,0,0,0,0,0,0,0,0,0,0,0,0,0,0,0,0,1,0,0,15,0,31756,0,101,0,40,30,30,8,0,0,0,0,0,1,0,0,0,0,0,0,0,0,0,0,0,0,0,0,0,0,0,0,0,0,0,-1,0,0,6,6,6,1,1,1,0,0.4,0,-1,82,99,0,0,0,1,1,1,0,0,0,0,0,0,23,3,77,1000,1000,0,0,0,0,0,0,0,0,0,0,0,0,16,0,0,0,5857,0,0,0,0,0,0,0,0,0,0,0,0,0,0,5423,0,937,0,0,Constant Farting,,,,,,,,,,,,,,,,16712190,Rank 1,,,,,,,,,,,,,,,,16712190,"The Caster does a Hipopotamus Fat Shit Fart that ignites the area surrounding the caster with maximum fart, causing $1949s2 Onion damage to $ghimself:herself; and $5857s1 Onion damage to all nearby enemies every $1949t2 sec.  Lasts $1949d.",,,,,,,,,,,,,,,,16712190,Damages self and all nearby enemies.,,,,,,,,,,,,,,,,16712190,64,133,1500,0,5,64,0,0,0,1,1,0,1,1,1,0,0,0,0,0,0,4,0,0,0,1,0.095,1,0,0
80897,0,0,0,0,0,0,0,0,4,0,0,0,0,0,0,0,0,0,0,0,0,0,0,0,0,1,0,0,0,0,0,0,101,0,0,0,0,42,0,0,0,0,0,6,0,0,0,0,0,0,0,0,0,0,0,0,0,0,0,0,0,0,0,0,0,-1,0,0,6,6,6,1,1,1,0,0,0,4,4,14,0,0,0,25,25,25,0,0,0,0,0,0,29,29,13,0,0,0,0,0,0,0,0,0,0,0,0,3,4,16,0,0,0,0,0,0,0,0,0,0,0,0,0,0,0,0,0,0,1123,0,501,0,0,Blessing of Onions,,,,,,,,,,,,,,,,16712190,,,,,,,,,,,,,,,,,16712188,"Increases Intellectual Capacity by $s1.
Increases Farts by $s2.
Increases Onion damage done by $s3.",,,,,,,,,,,,,,,,16712190,"Increases Intellect by $s1.
Increases Spirit by $s2.
Increases Frost damage done by $s3.",,,,,,,,,,,,,,,,16712190,0,0,0,0,0,0,0,0,0,0,0,0,1,1,1,0,0,0,0,0,0,16,0,0,0,0,0,0,0,0
80898,0,0,12,0,136,0,0,0,0,0,0,0,0,0,0,0,0,0,0,0,0,0,0,0,0,1,0,0,0,0,0,0,101,0,0,65,65,0,0,0,0,0,0,4,0,0,0,0,0,0,0,0,0,0,0,0,0,0,0,0,0,0,0,0,0,-1,0,0,2,98,0,601,1,0,20,0,0,899,119,0,0,0,0,24,24,0,0,0,0,10,10,0,0,0,0,0,0,0,0,0,0,0,0,0,0,0,0,0,160,0,0,0,0,0,0,0,0,0,0,0,0,0,0,0,0,0,0,0,3879,0,1525,0,0,Big Braap,,,,,,,,,,,,,,,,16712190,,,,,,,,,,,,,,,,,16712188,"Big Ol' Gusty Shit Fart. Inflicts $s1 damage on enemies in a cone behind you, knocking them back.",,,,,,,,,,,,,,,,16712190,,,,,,,,,,,,,,,,,16712188,0,0,0,0,0,0,0,0,0,0,0,0,1,1,1,0,0,0,0,0,0,1,0,0,0,0,1,1,0,0
80899,0,0,0,0,268435460,0,0,0,0,0,0,0,0,0,0,0,0,0,0,0,0,0,0,0,0,1,0,0,0,0,12300,0,101,0,0,0,0,28,0,0,0,0,0,4,0,0,0,0,0,0,0,0,0,0,0,0,0,0,0,0,0,0,0,0,0,-1,0,0,6,0,0,0,0,0,0,0,0,0,0,0,0,0,0,6,0,0,0,0,0,0,0,0,23,0,0,1000,0,0,0,0,0,0,0,0,0,0,0,0,0,0,0,0,0,50535,0,0,0,0,0,0,0,0,0,0,0,0,0,0,11098,0,1479,0,0,Ur Methane is Mine,,,,,,,,,,,,,,,,16712190,,,,,,,,,,,,,,,,,16712188,"Drains methane from the target every second, reducing your victim's damage by $50535s1% and increasing your damage by $50537s1%. This effect stacks up to 20 times. Lasts $50535d.",,,,,,,,,,,,,,,,16712190,,,,,,,,,,,,,,,,,16712188,0,0,0,0,0,0,0,0,0,1,1,0,1,1,1,0,0,0,0,0,0,64,0,0,0,0,0,0,0,0
80900,0,0,0,2048,0,0,0,0,8,0,0,0,0,0,0,0,0,0,0,0,0,0,0,0,0,1,0,0,0,0,0,0,101,0,0,0,0,35,0,0,0,0,0,14,0,0,0,0,0,0,0,0,0,0,0,0,0,0,0,0,0,0,0,0,0,-1,0,0,6,6,0,0,0,0,0,0,0,0,0,0,0,0,0,6,6,0,0,0,0,0,0,0,23,26,0,4000,0,0,0,0,0,0,0,0,0,0,0,0,0,0,0,0,0,62527,0,0,0,0,0,0,0,0,0,0,0,0,0,0,13585,0,33,0,0,Stomach Cramps,,,,,,,,,,,,,,,,16712190,,,,,,,,,,,,,,,,,16712172,"Imbues the enemies with stomach cramps that Immobilizes them, The victim farts after $d to inflict $62527s1 Onion damage around the target.",,,,,,,,,,,,,,,,16712190,"Immobilized.
Upon expiration, inflicts $62527s1 Fire damage to nearby friends.",,,,,,,,,,,,,,,,16712190,0,133,1500,0,0,0,0,0,0,0,0,0,1,1,1,0,0,0,0,0,0,1,0,0,0,0,0,0,0,0
80902,431,0,0,65536,136,0,0,0,0,0,0,0,134217728,0,0,0,0,0,0,0,0,0,0,0,0,1,0,0,8,0,0,0,101,0,34,28,28,0,0,0,0,0,0,1,0,0,0,0,0,0,0,0,0,0,0,0,0,0,0,0,0,0,0,0,0,-1,0,0,2,0,0,9,0,0,0.4,0,0,49,0,0,0,0,0,22,0,0,15,0,0,13,0,0,0,0,0,0,0,0,0,0,0,0,0,0,0,0,0,0,0,0,0,0,0,0,0,0,0,0,0,0,0,0,0,0,0,0,0,0,3643,0,1874,0,0,Onion Scented Healthy Fart,,,,,,,,,,,,,,,,16712190,Rank 2,,,,,,,,,,,,,,,,16712190,"Releases a heavenly scented brapfart of holy onion around the farter, causing $15430s1 Onion damage to all enemy victims within $15430a1 yards and healing all party members within $23458a1 yards for $23458s1.  These effects cause no threat.",,,,,,,,,,,,,,,,16712190,,,,,,,,,,,,,,,,,16712188,20,133,1500,0,6,4194304,0,0,0,1,1,0,1,1,1,0,0,0,0,0,0,2,0,0,0,0.161,1,0,0,0
80903,0,0,0,327680,0,2,0,0,0,0,0,0,0,0,0,0,0,0,0,0,0,0,0,0,0,1,0,0,0,0,0,0,101,0,0,0,0,21,0,0,0,0,0,1,0,0,0,0,0,0,0,0,0,0,0,0,0,0,0,0,0,0,0,0,0,-1,0,0,6,6,0,1,1,0,0,0,0,24,-21,0,0,0,0,1,1,0,0,0,0,0,0,0,118,126,0,0,0,0,0,0,0,0,0,0,0,0,0,0,0,0,0,0,0,0,0,0,0,0,0,0,0,0,0,0,0,0,0,0,10422,0,2176,55,0,FartForm,,,,,,,,,,,,,,,,16712190,,,,,,,,,,,,,,,,,16712172,"Assumes a Heavenly Fartform, increasing healing dealt by $s1% and reducing melee damage taken by $s2%. Only one form can be used at a given time. Fartform lasts until cancelled.",,,,,,,,,,,,,,,,16712190,"Healing effects increased by $s1%.
Melee damage taken is reduced by $s2%.",,,,,,,,,,,,,,,,16712190,40,133,0,0,0,0,0,0,0,0,0,0,1,1,1,0,0,0,0,0,0,2,0,0,0,0,0,1,0,0
80904,0,0,0,327680,0,2,0,0,0,0,0,0,0,0,0,0,0,0,0,0,0,0,0,0,0,1,0,0,0,0,0,0,101,0,0,0,0,21,0,0,0,0,0,1,0,0,0,0,0,0,0,0,0,0,0,0,0,0,0,0,0,0,0,0,0,-1,0,0,6,6,0,1,1,0,0,0,0,-21,19,0,0,0,0,1,1,0,0,0,0,0,0,0,126,79,0,0,0,0,0,0,0,0,0,0,0,0,0,0,32,0,0,0,0,0,0,0,0,0,0,0,0,0,0,0,0,0,0,0,3619,0,217,55,0,BrapForm,,,,,,,,,,,,,,,,16712190,,,,,,,,,,,,,,,,,16712188,"Assumes a Devilish Fartform, increasing Onion damage dealt by $s2% and reducing melee damage taken by $s1%. Only one form can be used at a given time. Shadowform lasts until cancelled.",,,,,,,,,,,,,,,,16712190,"Shadow damage dealt is increased by $s2%.
Melee damage taken is reduced by $s1%.",,,,,,,,,,,,,,,,16712190,40,133,0,0,0,0,0,0,0,0,0,0,1,1,1,0,0,0,0,0,0,32,0,0,0,0,0,1,0,0
80905,0,0,0,262400,0,0,0,0,0,0,0,0,0,0,0,0,0,0,0,0,0,0,0,0,0,1,0,0,0,0,0,0,101,0,0,0,0,0,0,0,0,0,0,6,0,0,0,0,0,0,0,0,0,0,0,0,0,0,0,0,0,0,0,0,0,-1,0,0,36,0,0,0,0,0,0,0,0,0,0,0,0,0,0,0,0,0,0,0,0,0,0,0,0,0,0,0,0,0,0,0,0,0,0,0,0,0,0,0,0,0,0,0,0,3599,0,0,0,0,0,0,0,0,0,0,0,0,0,0,107,0,680,0,0,Angry Dronkey,,,,,,,,,,,,,,,,16712190,Rank 1,,,,,,,,,,,,,,,,16712190,,,,,,,,,,,,,,,,,16712188,,,,,,,,,,,,,,,,,16712188,0,0,0,0,0,0,0,0,0,0,0,0,1,1,1,0,0,0,0,0,0,1,0,0,0,0,0,0,0,0
80906,0,0,0,65536,0,0,0,0,0,0,32,0,0,0,0,0,0,0,0,0,0,0,0,0,0,1,0,0,0,0,0,0,101,0,0,20,20,5,0,0,0,0,0,1,0,0,0,0,0,0,0,0,0,0,0,0,0,0,0,0,0,0,0,0,0,-1,0,0,28,0,0,1,0,0,0,0,0,4,0,0,0,0,0,42,0,0,0,0,0,0,0,0,0,0,0,0,0,0,0,0,0,0,0,0,0,0,0,3527,0,0,82,0,0,0,0,0,0,0,0,0,0,0,0,0,0,0,0,0,319,0,1647,0,0,Happy Dronkey,,,,,,,,,,,,,,,,16712190,Rank 1,,,,,,,,,,,,,,,,16712190,Calls a Happy Dronkey with $s1 health at the feet of the donkey for $d that heals group members within $52041a1 yards for $5672s1 every $5672t1 seconds.,,,,,,,,,,,,,,,,16712190,,,,,,,,,,,,,,,,,16712188,3,133,1000,0,11,524288,0,0,0,1,0,0,1,1,1,0,0,0,5,0,0,1,0,0,0,0,0,0,0,0
80907,0,0,0,65536,0,0,0,0,0,0,32,0,0,0,0,0,0,0,0,0,0,0,0,0,0,1,15000,0,0,0,0,0,101,0,0,6,6,22,0,0,0,0,0,1,0,0,0,0,0,0,0,0,0,0,0,0,0,0,0,0,0,0,0,0,0,-1,0,0,28,0,0,1,0,0,0,0,0,4,0,0,0,0,0,41,0,0,0,0,0,0,0,0,0,0,0,0,0,0,0,0,0,0,0,0,0,0,0,2630,0,0,81,0,0,0,0,0,0,0,0,0,0,0,0,0,0,0,0,0,264,0,686,0,0,Sad Dronkey,,,,,,,,,,,,,,,,16712190,,,,,,,,,,,,,,,,,16712188,Calls a Sad Dronkey with $s1 health at the feet of the donkey for $d that slows the movement speed of enemies with the power of sadness within $3600a1 yards.,,,,,,,,,,,,,,,,16712190,,,,,,,,,,,,,,,,,16712188,5,133,1000,0,11,536870912,0,32,0,1,0,0,1,1,1,0,0,0,2,0,0,1,0,0,0,0,0,0,0,0
80908,0,0,0,65536,131073,0,0,0,0,0,0,0,0,0,0,0,0,0,0,0,0,0,0,0,0,7,0,0,15,0,0,0,101,0,0,1,1,21,0,0,0,0,0,1,0,0,0,0,0,0,0,0,0,0,0,0,0,0,0,0,0,0,0,0,0,-1,0,0,56,0,0,1,0,0,0,0,0,-1,0,0,0,0,0,32,0,0,0,0,0,0,0,0,0,0,0,0,0,0,0,0,0,0,0,0,0,0,0,416,0,0,0,0,0,0,0,0,0,0,0,0,0,0,0,0,0,0,0,0,4043,0,215,0,0,Small Dronkey,,,,,,,,,,,,,,,,16712190,Summon,,,,,,,,,,,,,,,,16712190,Summons a Sickly Dronkey that ,,,,,,,,,,,,,,,,16712190,,,,,,,,,,,,,,,,,16712188,64,133,1500,0,5,536870912,0,0,0,1,1,0,1,1,1,0,0,0,0,0,0,32,0,0,0,0,0,0,0,0
80909,0,0,0,65536,131073,0,0,0,2,0,0,0,0,0,0,0,0,0,0,0,0,0,0,0,0,7,0,0,15,0,0,0,101,0,0,10,10,21,0,0,0,0,0,1,0,0,0,0,0,0,0,0,0,0,0,0,0,0,0,0,0,0,0,0,0,-1,0,0,56,0,0,1,0,0,0,0,0,0,0,0,0,0,0,32,0,0,0,0,0,0,0,0,0,0,0,0,0,0,0,0,0,0,0,0,0,0,0,1860,0,0,0,0,0,0,0,0,0,0,0,0,0,0,0,0,0,0,0,0,4054,0,217,0,0,Fat Dronkey,,,,,,,,,,,,,,,,16712190,Summon,,,,,,,,,,,,,,,,16712190,Summons a Voidwalker under the command of the Warlock.,,,,,,,,,,,,,,,,16712190,,,,,,,,,,,,,,,,,16712188,80,133,1500,0,5,536870912,0,0,0,1,1,0,1,1,1,0,0,0,0,0,0,32,0,0,0,0,0,0,0,0
80910,0,0,0,65536,131073,0,0,0,2,0,0,0,0,0,0,0,0,0,0,0,0,0,0,0,0,7,0,0,15,0,0,0,101,0,0,30,30,21,0,0,0,0,0,1,0,0,0,0,0,0,0,0,0,0,0,0,0,0,0,0,0,0,0,0,0,-1,0,0,56,0,0,1,0,0,0,0,0,0,0,0,0,0,0,32,0,0,0,0,0,0,0,0,0,0,0,0,0,0,0,0,0,0,0,0,0,0,0,417,0,0,0,0,0,0,0,0,0,0,0,0,0,0,0,0,0,0,0,0,7313,0,214,0,0,Jewish Dronkey,,,,,,,,,,,,,,,,16712190,Summon,,,,,,,,,,,,,,,,16712190,Summons a Felhunter under the command of the Warlock.,,,,,,,,,,,,,,,,16712190,,,,,,,,,,,,,,,,,16712188,80,133,1500,0,5,536870912,0,0,0,1,1,0,1,1,1,0,0,0,0,0,0,32,0,0,0,0,0,0,0,0
80911,0,1,0,0,32768,0,0,0,0,0,0,0,0,0,0,0,0,0,0,0,0,0,0,0,0,1,300000,0,8,0,0,0,101,0,0,64,64,1,0,0,0,0,0,1,0,0,0,0,0,0,0,0,0,0,0,0,0,0,0,0,0,0,0,0,0,-1,0,0,6,6,6,0,1,1,0,0,0,0,-51,-1,0,0,0,1,1,1,0,0,0,0,0,0,39,33,60,0,0,0,0,0,0,0,0,0,0,0,0,1,0,0,0,0,0,0,0,0,0,0,0,0,0,0,0,0,0,0,0,0,7576,0,99,0,0,Strength of Dronkeys,,,,,,,,,,,,,,,,16712190,,,,,,,,,,,,,,,,,16712188,"The donkey uses the dronkeys to tread into the astral plane, becoming immune to physical but still vulnerable to magic.  In addition, the donkey cannot attack or cast spells and is slowed to $s2% of normal movement speed.  Lasts $d.",,,,,,,,,,,,,,,,16712190,Immune to physical.  Cannot attack or cast spells and is slowed to $s2% of normal movement speed.,,,,,,,,,,,,,,,,16712190,8,133,1500,0,0,0,0,0,0,0,1,0,1,1,1,0,0,0,0,0,0,32,0,0,0,0,0,0,0,0
80912,0,0,0,65536,0,0,0,0,0,0,32,0,0,0,0,0,0,0,0,0,0,0,0,0,0,1,0,0,0,0,0,0,101,0,0,50,50,5,0,0,0,0,0,1,0,0,0,0,0,0,0,0,0,0,0,0,0,0,0,0,0,0,0,0,0,-1,0,0,28,0,0,1,0,0,0,0,0,4,0,0,0,0,0,44,0,0,0,0,0,0,0,0,0,0,0,0,0,0,0,0,0,0,0,0,0,0,0,17539,0,0,63,0,0,0,0,0,0,0,0,0,0,0,0,0,0,0,0,0,221,0,2019,0,0,Dangerous Dronkey,,,,,,,,,,,,,,,,16712190,Rank 1,,,,,,,,,,,,,,,,16712190,"Calls a Dangerous Dronkey with $s1 health at the feet of the caster.  The dronkey increases spell power by $57658s2 for all party and raid members, and increases the critical strike chance of all attacks by $30708s1% against all enemies within $30708a1 yards.  Lasts $d.",,,,,,,,,,,,,,,,16712190,,,,,,,,,,,,,,,,,16712188,5,133,1000,0,11,536870912,0,0,0,1,0,0,1,1,1,0,0,0,4,0,0,1,0,0,0,0,0,0,0,0
80913,0,0,0,65536,131072,33554436,0,0,0,0,0,0,0,0,4,0,0,0,0,0,0,0,0,0,0,1,0,0,8,0,0,0,101,0,50,40,40,0,0,0,0,0,0,6,0,0,0,0,0,0,0,0,0,0,0,0,0,0,0,0,0,0,0,0,0,-1,0,0,8,0,0,1,0,0,0,0,0,304,0,0,0,0,0,5,0,0,0,0,0,0,0,0,0,0,0,0,0,0,1,0,0,0,0,0,0,0,0,0,0,0,0,0,0,0,0,0,0,0,0,0,0,0,0,0,0,0,0,0,827,0,154,0,0,What is Dronkey is Mine,,,,,,,,,,,,,,,,16712190,Rank 1,,,,,,,,,,,,,,,,16712190,"Drains $s1 of your summoned dronkeys Mana, returning 100% to you.",,,,,,,,,,,,,,,,16712190,,,,,,,,,,,,,,,,,16712188,0,133,1500,0,5,2147483648,0,32768,0,0,1,0,1,1,1,0,0,0,0,0,0,32,0,0,0,0,1,1,0,0
80914,0,0,0,65536,0,0,0,0,0,0,32,0,0,0,0,0,0,0,0,0,0,0,0,0,0,1,0,0,0,0,0,0,101,0,0,10,10,5,0,0,0,0,0,1,0,0,0,0,0,0,0,0,0,0,0,0,0,0,0,0,0,0,0,0,0,-1,0,0,28,0,0,1,0,0,0,0,0,4,0,0,0,0,0,41,0,0,0,0,0,0,0,0,0,0,0,0,0,0,0,0,0,0,0,0,0,0,0,5874,0,0,81,0,0,0,0,0,0,0,0,0,0,0,0,0,0,0,0,0,319,0,691,0,0,Corageous Dronkey,,,,,,,,,,,,,,,,16712190,Rank 1,,,,,,,,,,,,,,,,16712190,"Calls a Courageous Dronkey with $s1 health at the feet of the caster.  The dronkey inspires all party and raid members, increasing their strength and agility within $8076a1 yards by $8076s2.  Lasts $d.",,,,,,,,,,,,,,,,16712190,,,,,,,,,,,,,,,,,16712188,10,133,1000,0,11,536870912,0,0,0,1,0,0,1,1,1,0,0,0,2,0,0,1,0,0,0,0,0,0,0,0
80915,591,0,0,65536,0,0,0,0,0,0,32,0,0,0,0,0,0,0,0,0,0,0,0,0,0,1,0,300000,0,0,0,0,101,0,0,40,40,564,0,0,0,0,0,1,0,0,0,0,0,0,0,0,0,0,0,0,0,0,0,0,0,0,0,0,0,-1,0,0,28,0,0,1,1,0,0,0,0,4,9,0,0,0,0,42,0,0,0,0,0,0,0,0,0,0,0,0,0,0,0,0,0,0,0,0,0,0,0,10467,0,0,82,0,0,0,0,0,0,0,0,0,0,0,0,0,0,0,0,0,364,0,94,0,0,Mana Onions Dronkey,,,,,,,,,,,,,,,,16712190,,,,,,,,,,,,,,,,,16712190,Calls a Mana Onions Dronkey with $s2% of the donkey's health at the feet of the caster for ${$d-1} sec that restores $<mana>% of total mana every $16191t1 seconds to group members within $39610a1 yards.,,,,,,,,,,,,,,,,16712190,,,,,,,,,,,,,,,,,16712188,0,133,1000,0,11,536870912,0,0,0,1,0,0,1,1,1,0,0,0,5,0,0,1,0,0,0,0,0,0,61,0
80916,1152,0,0,0,0,0,0,0,0,0,0,0,0,0,0,0,0,0,0,0,0,0,0,0,0,14,0,20000,9,0,0,0,101,0,0,0,0,387,0,0,0,0,0,1,0,0,0,0,0,0,0,0,0,0,0,0,0,0,0,0,0,0,0,0,0,-1,0,0,6,6,0,0,1,0,0,0,0,0,-41,0,0,0,0,1,1,0,0,0,0,0,0,0,23,33,0,2000,0,0,0,0,0,0,0,0,0,0,0,0,0,0,0,0,0,28786,0,0,0,0,0,0,0,0,0,0,0,0,0,0,7621,0,1771,0,0,The Dronkey Swarm,,,,,,,,,,,,,,,,16712190,,,,,,,,,,,,,,,,,16712172,"Donkey releases a dronkey swarm, the dronkey younglings freshly hatched from their eggs swarm the area slowing his movement by $s2% and damaging all nearby enemies. Nearby enemies are unable to attack or cast spells.",,,,,,,,,,,,,,,,16712190,Movement speed slowed by $s2%.,,,,,,,,,,,,,,,,16712190,0,0,0,0,0,0,0,0,0,0,0,0,1,1,1,0,0,0,0,0,0,1,0,0,0,0,0,0,0,0
80917,23,0,0,0,0,0,0,0,0,0,0,0,0,0,0,0,0,0,0,0,0,0,0,0,0,1,10000,0,9,0,0,0,101,0,0,70,70,9,0,80,0,0,0,1,0,0,0,0,0,0,0,0,0,0,0,0,0,0,0,0,0,0,0,0,0,-1,0,0,28,0,0,1,0,0,0,0,0,2249,0,0,0,0,0,32,0,0,0,0,0,8,0,0,0,0,0,0,0,0,0,0,0,0,0,0,0,0,0,23822,0,0,81,0,0,0,0,0,0,0,0,0,0,0,0,0,0,0,0,0,135,0,1647,0,0,Jesus Dronkey,,,,,,,,,,,,,,,,16712190,,,,,,,,,,,,,,,,,16712188,"Calls a Jesus Dronkey that lasts $d. While the dronkey persists, nearby friendly units are protected from all damage.",,,,,,,,,,,,,,,,16712190,,,,,,,,,,,,,,,,,16712188,0,0,0,0,0,0,0,0,0,1,1,0,1,1,1,0,0,0,0,0,0,1,0,0,0,0,0,0,0,0
80918,0,0,0,262160,0,0,0,0,0,0,0,0,0,0,0,0,0,0,0,0,0,0,0,0,0,1,0,30000,0,0,0,0,101,0,0,36,36,3,0,0,0,0,0,1,0,0,0,0,0,0,0,0,0,0,0,0,0,0,0,0,0,0,0,0,0,-1,0,0,28,0,0,1,0,0,0,0,0,0,0,0,0,0,0,47,0,0,0,0,0,15,0,0,0,0,0,0,0,0,0,0,0,0,0,0,0,0,0,2667,0,0,61,0,0,0,0,0,0,0,0,0,0,0,0,0,0,0,0,0,139,0,120,0,0,Constipated Dronkey,,,,,,,,,,,,,,,,16712190,,,,,,,,,,,,,,,,,16712188,"Calls a Constipated Dronkey that lasts $d. and curses nearby enemies every $3825t1 sec with constipation., temporarily reducing their attack speed by $3826%.",,,,,,,,,,,,,,,,16712190,,,,,,,,,,,,,,,,,16712188,0,0,0,0,0,0,0,0,0,0,0,0,1,1,1,0,0,0,0,0,0,1,0,0,0,1,0,0,0,0
80919,0,0,0,0,1088,0,0,0,0,0,0,0,0,0,0,0,0,0,0,0,0,0,0,0,0,1,0,0,0,0,15372,0,101,0,0,0,0,32,5,0,0,0,0,1,0,0,0,0,0,0,0,0,0,0,0,0,0,0,0,0,0,0,0,0,0,-1,0,0,6,6,77,1,1,0,0,0,0,-1,-51,0,0,0,0,1,1,1,0,0,0,0,0,0,23,87,0,500,0,0,0,0,0,0,0,0,0,0,0,0,127,0,0,0,0,61098,0,0,0,0,0,0,0,0,0,0,0,0,0,0,9607,0,2718,0,0,Summon all Dronkeys,,,,,,,,,,,,,,,,16712190,,,,,,,,,,,,,,,,,16712172,"Summons an entire horde of dronkeys to fight for the Donkey.  The dronkeys will swarm the area, fighting anything they can.  While Summoning all Dronkeys, the Donkey takes $s2% less damage.",,,,,,,,,,,,,,,,16712190,"Summoning Zombies.
Damage reduced by $s2%.",,,,,,,,,,,,,,,,16712190,0,133,1500,0,0,0,0,0,0,0,1,0,1,1,1,0,0,0,0,0,0,32,1612,0,0,0,0,0,0,0
80920,0,0,0,536870928,32768,0,0,0,0,67108864,0,0,0,0,0,0,0,0,0,0,0,0,0,0,0,1,0,0,0,0,0,0,101,0,0,1,1,35,0,0,0,0,0,34,0,0,0,0,0,0,0,0,0,0,0,0,0,0,0,0,0,0,0,0,0,-1,0,0,0,6,6,0,0,0,0,0,0,0,0,0,0,0,0,21,1,1,0,0,0,0,0,0,0,77,77,0,0,0,0,0,0,0,0,0,0,0,0,0,11,7,0,0,0,0,0,0,0,0,0,0,0,0,0,0,0,0,0,0,0,0,3486,0,0,Run Boy Run,,,,,,,,,,,,,,,,16712190,,,,,,,,,,,,,,,,,16712172,"Remove all root and movement impairing effects on the target, and cause them to be immune to all such effects for $d.",,,,,,,,,,,,,,,,16712190,Immune to root and movement impairing effects.,,,,,,,,,,,,,,,,16712190,0,0,0,0,9,0,0,524288,0,0,2,0,1,1,1,0,0,0,0,0,0,1,0,0,0,0,0,0,0,0
80921,0,1,0,65536,0,524288,128,0,0,67108864,0,2147483648,134217728,0,0,0,0,0,0,0,0,0,0,0,0,1,0,0,8,0,0,0,101,0,13,8,8,8,0,0,0,0,0,5,0,0,0,0,0,0,0,0,0,0,0,0,0,0,0,0,0,0,0,0,0,-1,0,0,6,0,0,1,1,0,0,0,0,8,-1,0,0,0,0,21,0,0,0,0,0,0,0,0,8,0,0,3000,0,0,0,0,0,0,0,0,0,0,0,0,0,0,0,0,0,0,0,0,0,0,0,0,0,0,0,0,0,0,0,0,280,0,321,0,50,Renew,,,,,,,,,,,,,,,,16712190,Rank 1,,,,,,,,,,,,,,,,16712190,Heals the target for $<total> over $d.,,,,,,,,,,,,,,,,16712190,Healing $s1 damage every $t1 seconds.,,,,,,,,,,,,,,,,16712190,17,133,1500,0,6,64,0,1024,0,1,1,0,1,1,1,0,0,0,0,0,0,2,0,0,0,0.207,0,0,30,0
80922,0,0,11,262160,0,0,0,0,0,0,0,0,0,0,0,0,0,0,0,0,0,0,0,0,0,1,0,0,0,0,0,0,101,0,0,1,1,31,1,0,0,0,0,1,0,0,0,0,0,0,0,0,0,0,0,0,0,0,0,0,0,0,0,0,0,-1,0,0,6,0,0,1,0,0,0,0,0,-61,0,0,0,0,0,22,0,0,15,0,0,9,0,0,33,0,0,0,0,0,0,0,0,0,0,0,0,0,0,0,0,0,0,0,0,0,0,0,0,0,0,0,0,0,0,0,0,0,0,0,210,0,282,0,0,Angry Black Words,,,,,,,,,,,,,,,,16712190,,,,,,,,,,,,,,,,,16712188,"Upsets enemies with jivespeak, Reducing their movement speed by $s1% for $d.",,,,,,,,,,,,,,,,16712190,Movement speed reduced by $s1%.,,,,,,,,,,,,,,,,16712190,0,0,0,0,4,131072,0,0,0,0,0,0,1,1,1,0,0,0,0,0,0,1,0,0,0,0,0,0,0,0
80923,43,1,5,327680,136,524288,0,0,0,8388608,0,134217728,0,0,0,0,0,0,0,0,0,0,0,0,0,1,0,30000,8,4718592,0,664232,100,0,0,14,14,31,0,0,0,0,0,1,0,0,0,0,0,0,0,0,0,0,0,0,0,0,0,0,0,0,0,0,0,-1,0,0,6,6,0,1,1,0,0,0,0,-1,24,0,0,0,0,22,22,0,15,15,0,14,14,0,7,31,0,0,0,0,0,0,0,0,0,0,0,0,0,0,0,0,0,0,0,0,0,0,0,0,0,0,0,0,0,0,0,0,0,0,247,0,1488,0,50,Panicked Black Screaming,,,,,,,,,,,,,,,,16712190,Rank 1,,,,,,,,,,,,,,,,16712190,"Donkey lets out a negroid scream, causing $i enemies within $a1 yards to flee for $d.  Damage caused may interrupt the effect.",,,,,,,,,,,,,,,,16712190,Running in Fear.,,,,,,,,,,,,,,,,16712190,15,133,1500,0,6,65536,0,0,2,1,1,0,1,1,1,0,0,0,0,0,0,32,0,0,0,0,1,0,0,0
80924,0,0,0,65536,136,0,0,0,0,0,0,0,0,0,0,0,0,0,0,0,0,0,0,0,0,1,0,0,8,0,0,0,101,0,19,14,14,0,0,0,0,0,0,1,0,0,0,0,0,0,0,0,0,0,0,0,0,0,0,0,0,0,0,0,0,-1,0,0,2,0,0,5,0,0,0.4,0,0,31,0,0,0,0,0,22,0,0,15,0,0,13,0,0,0,0,0,0,0,0,0,0,0,0,0,0,0,0,0,0,0,0,0,0,0,0,0,0,0,0,0,0,0,0,0,0,0,0,0,0,965,0,122,0,0,Insult,,,,,,,,,,,,,,,,16712190,Rank 1,,,,,,,,,,,,,,,,16712190,"Causes an outburst of insultic african chants around the caster, causing $s1 Negroid damage to all targets within $a1 yards.",,,,,,,,,,,,,,,,16712190,,,,,,,,,,,,,,,,,16712188,22,133,1500,0,3,4096,0,0,0,1,1,0,1,1,1,0,0,0,0,0,0,64,0,0,0,0.166,0,0,0,0
80925,1204,0,0,65536,0,524288,128,0,4194304,0,0,2147483648,134217728,0,0,0,0,0,0,0,0,0,0,0,0,1,0,6000,8,0,0,0,101,0,54,50,50,0,0,0,0,0,0,5,0,0,0,0,0,0,0,0,0,0,0,0,0,0,0,0,0,0,0,0,0,-1,0,0,10,0,0,37,0,0,1,0,0,342,0,0,0,0,0,63,0,0,31,0,0,18,0,0,0,0,0,0,0,0,0,0,0,0,0,0,0,0,0,0,0,0,0,0,0,0,0,0,0,0,0,0,0,0,0,0,0,0,0,0,8253,0,2214,0,50,Words of Encouragement,,,,,,,,,,,,,,,,16712190,Rank 1,,,,,,,,,,,,,,,,16712190,Heals up to $?s55675[6][5] friendly party or raid members within $a1 yards of the target for $s1.,,,,,,,,,,,,,,,,16712190,,,,,,,,,,,,,,,,,16712188,21,133,1500,0,6,268435456,0,0,0,1,1,0,1,1,1,0,0,0,0,0,0,2,0,0,0,0.402,0,0,0,0
80926,0,1,0,134545408,0,0,0,0,0,0,0,0,0,0,0,0,0,0,0,0,0,0,0,0,0,1,180000,0,0,0,0,0,101,0,0,0,0,8,0,0,0,0,0,1,0,0,0,0,0,0,0,0,0,0,0,0,0,0,0,0,0,0,0,0,0,-1,0,0,6,0,0,1,0,0,0,0,0,-51,0,0,0,0,0,1,0,0,0,0,0,0,0,0,72,0,0,0,0,0,0,0,0,0,0,0,0,0,0,126,0,0,1,0,0,0,0,0,0,0,0,2121728,0,0,0,0,0,0,0,0,7878,0,2138,0,0,Nigga Moment,,,,,,,,,,,,,,,,16712190,,,,,,,,,,,,,,,,,16712172,Reduces the mana cost of all spells by $s1% for $d.,,,,,,,,,,,,,,,,16712190,Mana cost of all spells reduced by $s1%.,,,,,,,,,,,,,,,,16712190,0,0,0,0,10,0,2147500032,0,0,1,1,0,1,1,1,0,0,0,0,0,0,2,0,0,0,0,1,0,0,0
80927,0,0,0,134479872,0,4,536870912,0,0,0,0,0,0,0,0,0,0,0,0,0,0,0,0,0,0,1,0,0,0,0,0,0,101,0,0,68,68,0,0,0,0,0,0,13,0,0,0,0,0,0,0,0,0,0,0,0,0,0,0,0,0,0,0,0,0,-1,0,0,2,0,0,1,0,0,0,0,0,-1,0,0,0,0,0,25,0,0,0,0,0,0,0,0,0,0,0,0,0,0,0,0,0,0,0,0,0,0,0,0,0,0,0,0,0,0,0,0,0,0,0,0,0,0,0,0,0,0,0,0,0,0,3172,0,0,Fill with Dread,,,,,,,,,,,,,,,,16712190,,,,,,,,,,,,,,,,,16712188,"You send an african soul into the target, dealing negroid damage and increasing all damage done by your negroid damage-over-time effects on the target by $59164s3% for $59164d. When the spell ends or is dispelled, the soul returns to you, healing you for 200% of the damage it did to the target.",,,,,,,,,,,,,,,,16712190,,,,,,,,,,,,,,,,,16712188,0,0,0,0,0,0,0,0,0,1,0,0,1,1,1,0,0,0,0,0,0,32,0,0,0,0,1,1,0,0
80928,0,1,11,1074331648,136,0,0,0,0,0,0,0,0,0,0,0,0,0,0,0,0,0,0,0,0,1,0,0,15,0,0,664232,100,0,0,20,20,1,0,75,0,0,0,1,0,0,0,0,0,0,0,0,0,0,0,0,0,0,0,0,0,0,0,0,0,-1,0,0,2,6,98,23,1,1,0,0,0,138,-51,99,0,0,0,22,22,22,15,15,15,13,13,13,0,33,0,0,0,0,0,0,0,0,0,0,0,0,0,0,0,400,0,0,0,0,0,0,0,0,0,0,0,0,0,0,0,0,0,0,4823,0,193,0,50,Fus Roh Dawg,,,,,,,,,,,,,,,,16712190,,,,,,,,,,,,,,,,,16712188,"Takes an arrow to the knee with your epic skyrim reference which Blasts nearby enemies for Negroid damage, knocking them back and reducing their movement speed for up to $d with cringe.",,,,,,,,,,,,,,,,16712190,Reduced movement speed.,,,,,,,,,,,,,,,,16712190,0,0,0,0,0,0,0,0,0,1,1,0,1,1,1,0,0,0,0,0,0,16,0,0,0,1,0,1,0,0
80929,43,0,0,262160,0,0,0,0,0,0,0,0,0,0,0,0,0,0,0,0,0,0,0,0,0,1,0,0,0,0,0,0,101,0,52,42,42,9,1,0,0,0,0,1,0,0,0,0,0,0,0,0,0,0,0,0,0,0,0,0,0,0,0,0,0,-1,0,0,6,0,0,1,0,0,-1,0,0,-111,0,0,0,0,0,22,0,0,15,0,0,13,0,0,99,0,0,0,0,0,0,0,0,0,0,0,0,0,0,0,0,0,0,0,0,0,0,0,0,0,0,0,0,0,0,0,0,0,0,0,210,0,960,0,50,Flex,,,,,,,,,,,,,,,,16712190,,,,,,,,,,,,,,,,,16712188,Reduces the melee attack power of nearby enemies for $d.,,,,,,,,,,,,,,,,16712190,Melee attack power reduced by $s1.,,,,,,,,,,,,,,,,16712190,0,133,0,0,0,0,0,0,0,1,1,0,1,1,1,0,0,0,0,0,0,1,0,0,0,0,0,0,0,0
80930,0,0,0,0,0,4,128,0,0,0,0,0,0,0,0,0,0,0,0,0,0,0,0,0,0,1,0,0,0,0,0,0,101,0,0,83,83,18,0,0,0,0,0,13,0,0,0,0,0,0,0,0,0,0,0,0,0,0,0,0,0,0,0,0,0,-1,0,0,6,0,0,1,0,0,0,0,0,11249,0,0,0,0,0,22,0,0,30,0,0,9,0,0,8,0,0,1000,0,0,0,0,0,0,0,0,0,0,0,0,0,0,0,0,0,0,0,0,0,0,0,0,0,0,0,0,0,0,0,0,13655,0,2875,0,0,Black Power,,,,,,,,,,,,,,,,16712190,,,,,,,,,,,,,,,,,16712172,"Empowers friendly units within $a1 yds with the power of the african spirit. of the target, causing them to regenerate $o1 Health over $d.",,,,,,,,,,,,,,,,16712190,$s1 Health regenerated every $t1 sec.,,,,,,,,,,,,,,,,16712190,0,0,0,0,0,0,0,0,0,0,0,0,1,1,1,0,0,0,0,0,0,32,0,0,0,0,0,0,0,0
80931,0,1,0,327680,131072,0,0,0,0,67108864,256,0,0,0,0,0,0,0,0,0,0,0,0,0,0,1,300000,0,0,0,0,0,101,0,0,70,70,64,0,0,0,0,0,1,0,0,0,0,0,0,0,0,0,0,0,0,0,0,0,0,0,0,0,0,0,-1,0,0,6,6,6,1,1,1,0,0,0,29,29,29,0,0,0,56,56,56,0,0,0,12,12,12,192,61,65,0,0,0,0,0,0,0,0,0,0,0,0,0,0,0,0,0,0,0,0,0,0,0,0,0,0,0,0,0,0,0,0,0,7870,0,38,0,0,Nigga Frenzy,,,,,,,,,,,,,,,,16712190,,,,,,,,,,,,,,,,,16712190,"Increases melee, ranged, and spell casting speed by $s1% for all party and raid members.  Lasts $d.

After the completion of this effect, those affected will become Sated and unable to benefit from Nigga Frenzy again for $57724d.",,,,,,,,,,,,,,,,16712190,"Melee, ranged, and spell casting speed increased by $s1%.",,,,,,,,,,,,,,,,16712190,26,133,1500,0,11,0,64,0,0,0,1,0,1,1,1,0,0,0,0,0,0,8,0,0,0,1,0,1,0,0
80932,0,0,0,65536,0,524288,0,0,0,8388608,0,134217728,0,64,0,0,0,0,0,0,0,0,0,0,0,1,0,0,0,0,0,0,101,0,0,70,70,0,0,0,0,0,0,4,0,0,0,0,0,0,0,0,0,0,0,0,0,0,0,0,0,0,0,0,0,-1,0,0,38,64,0,1,0,0,0,0,0,0,0,0,0,0,0,16,16,0,0,0,0,18,13,0,0,0,0,0,0,0,0,0,0,0,0,0,0,0,0,1,0,0,0,0,0,0,39897,0,0,0,0,0,0,0,0,0,0,0,0,0,86,0,2267,0,0,Mass Sniff,,,,,,,,,,,,,,,,16712190,,,,,,,,,,,,,,,,,16712188,"Voodo Sniffs all magic in a $32375a1 yard radius, removing $32375s1 harmful $lspell:spells; from each friendly target and $32375s1 beneficial $lspell:spells; from each enemy target.  Affects a maximum of $32375i friendly targets and $32375i enemy targets.  This voodoo sniff is potent enough to remove Magic effects that are normally undispellable.",,,,,,,,,,,,,,,,16712190,,,,,,,,,,,,,,,,,16712188,0,133,0,0,6,0,128,0,10,1,1,0,1,1,1,0,0,0,0,0,0,2,0,0,0,0,0,0,0,0
80933,0,0,0,16,0,0,0,0,0,0,0,0,0,0,0,0,0,0,0,0,0,0,0,0,0,5,0,0,31,0,0,0,101,0,0,1,1,0,0,0,0,0,0,2,0,0,0,0,0,0,0,0,0,0,0,0,0,0,0,0,0,0,0,0,0,-1,0,0,9,8,0,1,1,0,2.25,2.25,0,0,0,0,0,0,0,6,6,0,0,0,0,0,0,0,0,0,0,0,0,0,1,1,0,0,0,0,0,0,0,0,0,0,0,0,0,0,0,0,0,0,0,0,0,0,0,0,0,0,0,0,2109,0,548,0,0,Spiritual Steal,,,,,,,,,,,,,,,,16712190,,,,,,,,,,,,,,,,,16712188,"You made this? I made this. Drains health and mana from an enemy, transferring them to the donkey",,,,,,,,,,,,,,,,16712190,,,,,,,,,,,,,,,,,16712188,0,0,0,0,0,0,0,0,0,1,1,0,1,1,1,0,0,0,0,0,0,32,0,0,0,1,1,0,0,0
80934,0,2,0,2048,0,0,0,0,0,0,0,0,0,0,0,0,0,0,0,0,0,0,0,0,0,5,0,0,5,0,0,65876,20,0,0,0,0,23,0,0,0,0,0,7,0,0,0,0,0,0,0,0,0,0,0,0,0,0,0,0,0,0,0,0,0,-1,0,0,6,0,0,0,0,0,0,0,0,0,0,0,0,0,0,22,0,0,15,0,0,21,0,0,42,0,0,0,0,0,0,0,0,0,0,0,0,0,0,0,0,0,0,0,0,39703,0,0,0,0,0,0,0,0,0,0,0,0,0,0,346,0,207,0,0,Taxation of Gibs,,,,,,,,,,,,,,,,16712190,,,,,,,,,,,,,,,,,16712172,"Curses an enemy to pay taxes for your gibs for $39647d, giving it $39647h% chance to heal its damage target by 5% on spell or melee attacks.",,,,,,,,,,,,,,,,16712190,$h% chance to heal enemy target on spell or melee hit.,,,,,,,,,,,,,,,,16712190,0,0,0,0,0,0,0,0,3,1,1,0,1,1,1,0,0,0,0,0,0,32,0,0,0,0,0,0,0,0
80935,46,0,0,65536,64,1074266112,128,0,8192,67108864,0,2,1073741824,0,0,0,0,0,0,0,0,0,0,0,0,1,0,480000,15,0,31756,0,101,0,36,30,30,31,0,0,0,0,0,1,0,0,0,0,0,0,0,0,0,0,0,0,0,0,0,0,0,0,0,0,0,-1,0,0,35,6,0,1,0,0,2.2,0,0,350,0,0,0,0,0,29,1,0,0,0,0,10,0,0,4,23,0,0,2000,0,0,0,0,0,0,0,0,0,0,0,0,0,0,0,0,0,44203,0,0,0,0,0,0,0,0,0,0,0,0,0,1283,0,100,0,0,Black Lives Matter,,,,,,,,,,,,,,,,16712190,Rank 1,,,,,,,,,,,,,,,,16712190,Heals all nearby group members for $s1 every $t2 seconds for $d.  Donkey must channel to maintain the spell. Wow so empowering,,,,,,,,,,,,,,,,16712190,Heals nearby party members for $s1 every $t2 seconds.,,,,,,,,,,,,,,,,16712190,70,133,1500,0,7,128,0,0,0,1,1,0,1,1,1,0,0,0,0,0,0,8,0,0,0,0.286,0,0,0,0
80936,1152,0,0,536870912,0,0,0,0,0,0,0,0,0,0,0,0,0,0,0,0,0,0,0,0,0,1,0,15000,0,0,0,0,101,0,0,0,0,31,0,0,0,0,0,1,0,0,0,0,0,0,0,0,0,0,0,0,0,0,0,0,0,0,0,0,0,-1,0,0,6,6,6,1,0,0,0,0,0,999,0,0,0,0,0,1,1,1,0,0,0,0,0,0,23,26,25,1000,0,0,0,0,0,0,0,0,0,0,0,0,0,0,0,0,0,39657,0,0,0,0,0,0,0,0,0,0,0,0,0,0,9030,0,2369,2369,0,Black Lives Peaceful Protest,,,,,,,,,,,,,,,,16712190,,,,,,,,,,,,,,,,,16712172,"Surrounds the donkey with a peaceful protest that periodically inflicts negroid damage to nearby enemies for $d. While the donkey is aflame, $ghe:she; cannot move or use $ghis:her; abilities.",,,,,,,,,,,,,,,,16712190,"Unable to move or use abilities.
Periodically inflicting Shadow damage to nearby enemies.",,,,,,,,,,,,,,,,16712190,0,0,0,0,0,0,0,0,0,1,1,0,1,1,1,0,0,0,0,0,0,1,0,0,0,1,1,1,0,0
80937,44,0,0,65552,32,0,0,0,0,0,0,0,0,0,0,0,0,0,0,0,0,0,0,0,0,1,0,180000,0,0,0,0,101,0,0,10,10,8,3,0,0,0,0,1,0,0,0,0,0,0,0,0,0,0,0,0,0,0,0,0,0,0,0,0,0,-1,0,0,6,0,0,1,0,0,0,0,0,49,0,0,0,0,0,1,0,0,0,0,0,0,0,0,31,0,0,0,0,0,0,0,0,0,0,0,0,0,0,0,0,0,0,0,0,0,0,0,0,0,0,0,0,0,0,0,0,0,0,0,6,0,516,0,0,Speed Up,,,,,,,,,,,,,,,,16712190,Rank 1,,,,,,,,,,,,,,,,16712190,Increases the donkeys movement speed by $s1% for $d.,,,,,,,,,,,,,,,,16712190,Movement speed increased by $s1%.,,,,,,,,,,,,,,,,16712190,0,0,0,0,8,64,0,0,0,0,2,0,1,1,1,0,0,0,0,0,0,1,0,0,0,0,0,0,0,0
80938,19,1,0,327680,0,0,0,0,0,0,0,0,0,0,0,0,1,0,0,0,0,0,0,0,0,1,0,6000,0,0,0,0,101,0,25,20,20,31,0,0,0,0,0,34,0,0,0,0,0,0,0,0,0,0,0,0,0,0,0,0,0,0,0,0,0,-1,0,0,6,2,0,1,7,0,0,1.2,0,-51,88,0,11,0,0,6,6,0,0,0,0,0,0,0,33,0,0,0,0,0,0,0,0,0,0,0,0,0,0,0,0,0,0,0,0,0,0,0,0,0,0,0,0,0,0,0,0,0,0,0,144,0,976,0,0,Your To Slow,,,,,,,,,,,,,,,,16712190,Rank 1,,,,,,,,,,,,,,,,16712190,"Instantly shocks the target with negroid energy, causing $s2 Negroid damage and slowing movement speed by $s1%.  Lasts $d.  Causes a high amount of threat.",,,,,,,,,,,,,,,,16712190,Movement slowed by $s1%.,,,,,,,,,,,,,,,,16712190,18,133,1500,0,11,2147483648,0,0,0,1,1,0,1,1,1,0,0,0,0,0,0,16,0,0,0,0,0.386,0,0,0
80939,0,0,0,536871296,268435456,0,0,64,0,0,0,0,0,0,0,0,0,0,0,0,0,0,0,0,0,1,0,0,0,0,0,0,101,0,0,1,1,21,0,0,0,0,0,2,0,0,0,0,0,0,0,0,0,0,0,0,0,0,0,0,0,0,0,0,0,-1,0,0,6,0,0,1,0,0,0,0,0,0,0,0,0,0,0,38,0,0,0,0,0,0,0,0,4,0,0,0,0,0,0,0,0,0,0,0,0,0,0,0,0,0,0,0,0,0,0,0,0,0,0,0,0,0,0,0,0,0,0,0,0,0,71,0,0,Come on Step It Up,,,,,,,,,,,,,,,,16712190,,,,,,,,,,,,,,,,,16712188,"Causes an enemy to fixate upon the donkey. While the target is fixated upon the donkey, the target is very reluctant to attack anything else.",,,,,,,,,,,,,,,,16712190,,,,,,,,,,,,,,,,,16712188,0,0,0,0,0,0,0,0,0,0,0,0,1,1,1,0,0,0,0,0,0,1,0,0,0,0,0,0,0,0
80940,0,0,0,2048,2048,0,256,0,0,0,0,0,0,0,0,0,0,0,0,0,0,0,0,0,74502,1,0,0,0,0,0,0,101,0,0,83,83,1,0,0,0,0,0,36,0,0,0,0,0,0,0,0,0,0,0,0,0,0,0,0,0,0,0,0,0,-1,0,0,6,0,0,1,0,0,0,0,0,-1,0,0,0,0,0,6,0,0,0,0,0,0,0,0,23,0,0,2000,0,0,0,0,0,0,0,0,0,0,0,0,0,0,0,0,0,74505,0,0,0,0,0,0,0,0,0,0,0,0,0,0,15647,0,1741,0,0,Niggas be too Slow,,,,,,,,,,,,,,,,16712190,,,,,,,,,,,,,,,,,16712172,"Brands an enemy target, siphoning power from the target and any allies within $74505a1 yards of the target. This effect occurs every $t1 sec, and reduces affected enemies' damage by $74505s1% per application, while increasing the donkeys damage accordingly.",,,,,,,,,,,,,,,,16712190,"Weakens you and nearby allies every $t1 sec, reducing damage and healing done by $74505s1% per application.",,,,,,,,,,,,,,,,16712190,0,0,0,0,0,0,0,0,0,0,0,0,1,1,1,0,0,0,0,0,0,64,0,0,0,0,0,0,0,0
80941,0,1,7,1073807360,136,0,0,0,0,0,0,0,0,0,0,0,0,0,0,0,0,0,0,0,0,1,0,0,15,0,0,664232,100,0,45,40,40,1,0,115,0,0,0,1,0,0,0,0,0,0,0,0,0,0,0,0,0,0,0,0,0,0,0,0,0,-1,0,0,2,6,0,7,1,0,0.5,0,0,46,-1,0,0,0,0,22,22,0,15,15,0,13,13,0,0,26,0,0,0,0,0,0,0,0,0,0,0,0,0,0,0,0,0,0,0,0,0,0,0,0,0,0,0,0,0,0,0,0,0,0,1744,0,193,0,50,Cool Off,,,,,,,,,,,,,,,,16712190,Rank 3,,,,,,,,,,,,,,,,16712190,"Inflicts $s1 negroid damage to nearby enemies, immobilizing them for up to $d.",,,,,,,,,,,,,,,,16712190,Immobilized.,,,,,,,,,,,,,,,,16712190,0,0,0,0,0,0,0,0,0,1,1,0,1,1,1,0,0,0,0,0,0,16,0,0,0,1,0,0,0,0
80942,0,0,0,1376256,0,67108864,1073938432,0,0,0,0,0,0,0,0,0,0,0,0,0,0,0,0,0,0,1,25000,0,0,0,0,0,101,0,0,20,20,0,0,0,0,0,0,13,0,0,0,0,0,0,0,0,0,0,0,0,0,0,0,0,0,0,0,0,0,-1,0,0,138,0,0,1,0,0,0,0,0,74,0,0,0,0,0,1,0,0,0,0,0,0,0,0,0,0,0,0,0,0,0,0,0,0,0,0,0,0,0,200,0,0,0,0,0,0,0,0,0,0,0,0,0,0,0,0,0,0,0,0,12305,0,539,0,0,Im a Hedgehog,,,,,,,,,,,,,,,,16712190,,,,,,,,,,,,,,,,,16712190,"You attempt to disengage from combat, leaping backwards. Can only be used while in combat.",,,,,,,,,,,,,,,,16712190,"You attempt to disengage from combat, leaping backwards.",,,,,,,,,,,,,,,,16712190,5,0,0,0,9,0,16384,0,0,0,0,0,1,1,1,0,0,0,0,0,0,1,0,0,0,0,0,0,0,0
80943,0,0,0,262352,0,0,0,524288,0,0,0,0,0,0,0,0,0,0,0,0,0,0,0,0,0,1,0,0,0,0,0,680,5,0,0,0,1,21,0,0,0,0,0,1,0,0,0,0,0,0,0,0,0,0,0,0,0,0,0,0,0,0,0,0,0,-1,0,0,6,0,0,1,0,0,0,0,0,-1,0,0,0,0,0,1,0,0,0,0,0,0,0,0,42,0,0,0,0,0,0,0,0,0,0,0,0,0,0,0,0,0,0,0,0,18350,0,0,0,0,0,4194325,0,0,0,0,0,0,0,0,0,0,2127,0,50,Oof need more SPEED,,,,,,,,,,,,,,,,16712190,Rank 1,,,,,,,,,,,,,,,,16712190,Gives you a $h% chance when hit by a melee or ranged attack to increase your movement speed by $31643s1% and dispel all movement impairing effects.  This effect lasts $31643d.,,,,,,,,,,,,,,,,16712190,,,,,,,,,,,,,,,,,16712188,0,0,0,0,3,0,0,0,0,0,0,0,1,1,1,0,0,0,0,0,0,4,0,0,0,0,0,0,0,0
80944,0,1,0,65536,0,0,0,1048576,0,0,0,0,0,0,0,0,1,0,0,0,0,0,0,0,0,5,0,0,15,0,0,0,101,0,5,1,1,8,0,0,0,0,0,4,0,0,0,0,0,0,0,0,0,0,0,0,0,0,0,0,0,0,0,0,0,-1,0,0,6,2,77,1,1,0,0,0.6,0,3,7,0,0,0,0,6,6,6,0,0,0,0,0,0,3,0,0,3000,0,0,0,0,0,0,0,0,0,0,0,0,0,0,0,0,0,0,0,0,0,0,0,0,0,0,0,0,0,0,0,0,46,0,31,0,0,Stay Frosty Oscar Mike,,,,,,,,,,,,,,,,16712190,Rank 1,,,,,,,,,,,,,,,,16712190,Burns the enemy for $s2 negroid damage and then an additional $o1 Negroid damage over $d.,,,,,,,,,,,,,,,,16712190,$s1 Fire damage every $t1 seconds.,,,,,,,,,,,,,,,,16712190,17,133,1500,0,5,4,0,0,0,1,1,0,1,1,1,0,0,0,0,0,0,4,0,0,0,0,0.058,0,0,0
80945,88,0,26,0,0,0,0,0,0,8388608,0,0,0,0,0,0,0,0,0,0,0,0,0,0,0,1,0,24000,8,0,0,0,101,0,0,24,24,31,0,0,0,0,0,4,0,0,0,0,0,0,0,0,0,0,0,0,0,0,0,0,0,0,0,0,0,-1,0,0,68,0,0,1,0,0,0,0,0,-1,0,0,0,0,0,6,0,0,0,0,0,0,0,0,0,0,0,0,0,0,0,0,0,0,0,0,0,0,0,0,0,0,0,0,0,0,0,0,0,0,0,0,0,0,0,0,0,0,0,0,239,0,17,0,50,That Was Cool,,,,,,,,,,,,,,,,16712190,,,,,,,,,,,,,,,,,16712188,"Counters the enemy's spellcast, preventing any spell from that school of magic from being cast for $d.  Generates a high amount of threat.",,,,,,,,,,,,,,,,16712190,,,,,,,,,,,,,,,,,16712188,9,0,0,0,3,16384,0,0,0,1,1,0,1,1,1,0,0,0,0,0,0,64,0,0,0,0,0,0,0,0
80946,0,1,0,851968,1024,0,0,524288,0,0,0,0,0,0,0,0,0,0,0,0,0,0,0,0,0,1,0,0,0,0,0,139944,100,3,0,20,20,6,0,63,0,0,0,1,0,0,0,0,0,0,0,0,0,0,0,0,0,0,0,0,0,0,0,0,0,-1,0,0,6,6,0,0,0,0,0,0,0,0,0,0,0,0,0,1,1,0,0,0,0,0,0,0,4,42,0,0,0,0,0,0,0,0,0,0,0,0,0,0,0,0,0,0,0,0,34828,0,0,0,0,0,0,0,0,0,0,0,0,0,8249,0,182,0,0,SpeedForce Shield,,,,,,,,,,,,,,,,16712190,,,,,,,,,,,,,,,,,16712172,"The donkey is surrounded by $n globes of speed.  When a spell, melee or ranged attack hits the donkey, $33737s1 mana is restored to the donkey. This expends one speed globe.  Only one globe will activate every few seconds.  Lasts $d.  ",,,,,,,,,,,,,,,,16712190,Attacks and spells used against you deal Frost damage and slow the attacker's spell casts.  $n charges.,,,,,,,,,,,,,,,,16712190,0,133,0,0,0,0,0,0,0,1,1,0,1,1,0,0,0,0,0,0,0,8,0,0,0,0,0,1,0,0
80947,0,1,0,0,0,0,256,0,524288,0,0,0,0,0,0,0,0,0,0,0,0,0,0,0,0,1,0,0,8,524288,0,0,101,0,0,83,83,9,0,0,0,0,0,13,0,0,0,0,0,0,0,0,0,0,0,0,0,0,0,0,0,0,0,0,0,-1,0,0,6,0,0,1,1,0,0,0,0,3999,-1,0,0,0,0,6,0,0,0,0,0,0,0,0,3,0,0,2000,0,0,0,0,0,0,0,0,0,0,0,0,0,0,0,0,0,0,0,0,0,0,0,12582935,0,0,0,0,0,0,0,0,15712,0,2027,0,50,Speed Shame,,,,,,,,,,,,,,,,16712190,,,,,,,,,,,,,,,,,16712172,"Engulfs an enemy target in dark energy, dealing $s1 negroid damage every $t1 sec. Every time Speed Shame deals damage, it generates a Shameful charge on the target. When Speed Shame fades or is dispelled, it unleashes a dark explosion proportional to the number of charges present at the time. Either curse or magic removal may cleanse this affliction.",,,,,,,,,,,,,,,,16712190,"Causes $s1 Shadow damage every $t1 sec.
Generates a Consumption charge every $t1 sec.
When removed, causes an explosion proportional to the number of charges present.",,,,,,,,,,,,,,,,16712190,0,0,0,0,0,0,0,0,0,1,1,0,1,1,1,0,0,0,0,0,0,32,0,0,0,0,0,0,0,0
80948,55,1,0,0,0,0,0,0,0,0,0,0,0,0,0,0,0,0,0,0,0,0,0,0,0,1,0,0,0,0,0,0,101,0,0,1,1,18,0,0,0,0,0,4,0,0,0,0,0,0,0,0,0,0,0,0,0,0,0,0,0,0,0,0,0,-1,0,0,6,6,0,1,1,0,0,0.5,0,34,0,0,0,0,0,21,21,0,0,0,0,0,0,0,138,3,0,0,2000,0,0,0,0,0,0,0,0,0,0,0,0,0,0,0,0,0,0,0,0,0,0,0,0,0,0,0,0,0,0,0,47,0,38,0,0,Extreme Speed,,,,,,,,,,,,,,,,16712190,,,,,,,,,,,,,,,,,16712188,"Increases an ally's attack speed by $s1% for $d., but also inflicts $s2 Negroid damage to that ally every $t2 sec.",,,,,,,,,,,,,,,,16712190,"Attack speed increased by $s1%.
$s2 Nature damage inflicted every $t2 sec.",,,,,,,,,,,,,,,,16712190,0,0,0,0,0,0,0,0,0,1,1,0,1,1,1,0,0,0,0,0,0,8,0,0,0,0,0,0,0,0
80949,0,0,0,16,0,0,0,0,0,0,0,0,0,0,0,0,0,0,0,0,0,0,0,0,0,1,0,0,0,0,0,0,101,0,0,70,70,21,0,0,0,0,0,1,0,0,0,0,0,0,0,0,0,0,0,0,0,0,0,0,0,0,0,0,0,-1,0,0,6,0,0,1,0,0,0,0,0,0,0,0,0,0,0,1,0,0,0,0,0,0,0,0,23,0,0,3000,0,0,0,0,0,0,0,0,0,0,0,0,0,0,0,0,0,29983,0,0,0,0,0,0,0,0,0,0,0,0,0,0,0,0,1481,0,50,Everyone Fears the Hedgehog,,,,,,,,,,,,,,,,16712190,,,,,,,,,,,,,,,,,16712172,Aura that reduces nearby enemy stats by $29983s1% every $t1 seconds. The aura lasts until cancelled.,,,,,,,,,,,,,,,,16712190,Nearby enemy stats are reduced by $29983s1% every $t1 seconds.,,,,,,,,,,,,,,,,16712190,0,0,0,0,0,0,0,0,0,1,1,0,1,1,1,0,0,0,0,0,0,64,0,0,0,0,0,0,0,0
80950,0,0,0,448,0,0,0,0,0,0,0,0,0,0,0,0,0,0,0,0,0,0,0,0,0,1,0,0,0,0,0,0,101,0,0,0,0,0,0,0,0,0,0,1,0,0,0,0,0,0,0,0,0,0,0,0,0,0,0,0,0,0,0,0,0,-1,0,0,6,6,6,1,1,1,0,0,0,-16,-16,7,0,0,0,1,1,1,0,0,0,0,0,0,232,232,31,0,0,0,0,0,0,0,0,0,0,0,0,11,7,0,0,0,0,0,0,0,0,0,0,0,0,0,0,0,0,0,0,0,0,0,2113,0,0,Unos Speed,,,,,,,,,,,,,,,,16712190,Rank 1,,,,,,,,,,,,,,,,16712190,Reduces the duration of all movement impairing effects by $s1% and increases your movement speed by $s3%.  This does not stack with other movement speed increasing effects.,,,,,,,,,,,,,,,,16712190,,,,,,,,,,,,,,,,,16712188,0,0,0,0,0,0,0,0,0,0,0,0,1,1,1,0,0,0,0,0,0,1,0,0,0,0,0,0,0,0
80951,0,0,0,262352,0,0,0,0,0,0,0,0,0,0,0,0,0,0,0,0,0,0,0,0,0,1,0,0,0,0,0,0,101,0,0,0,0,0,0,0,0,0,0,1,0,0,0,0,0,0,0,0,0,0,0,0,0,0,0,0,0,0,0,0,0,2,524288,0,6,0,0,1,0,0,0,0,0,14,0,0,0,0,0,1,0,0,0,0,0,0,0,0,79,0,0,0,0,0,0,0,0,0,0,0,0,0,0,126,0,0,0,0,0,0,0,0,0,0,0,0,0,0,0,0,0,0,0,0,0,0,294,0,0,Dos Speed,,,,,,,,,,,,,,,,16712190,Rank 1,,,,,,,,,,,,,,,,16712190,Increases your damage with Crack Pipes by $s1%.,,,,,,,,,,,,,,,,16712190,,,,,,,,,,,,,,,,,16712188,0,0,0,0,0,0,0,0,0,0,0,0,1,1,1,0,0,0,0,0,0,1,0,0,0,0,0,0,0,0
80953,0,0,0,0,0,0,0,0,0,0,0,0,0,0,0,0,0,0,0,0,0,0,0,0,0,1,0,0,0,0,0,0,101,0,70,6,6,37,0,0,0,0,0,7,0,0,0,0,0,0,0,0,0,0,0,0,0,0,0,0,0,0,0,0,0,-1,0,0,62,6,0,5,0,0,4,0,0,27,0,0,0,0,0,6,6,0,0,0,0,0,0,0,0,4,0,0,0,0,1,0,0,0,0,0,0,0,0,0,0,0,0,0,0,0,0,0,0,0,0,0,0,0,0,0,0,0,0,0,177,0,5025,0,0,Dead in the Water,,,,,,,,,,,,,,,,16712190,Rapist,,,,,,,,,,,,,,,,16712188,"Hits a victim with an anti-mana shock. For each point of mana consumed by the bolt, the target takes $e1 damage.",,,,,,,,,,,,,,,,16712190,,,,,,,,,,,,,,,,,16712188,0,0,0,0,0,0,0,0,0,1,1,0,1,1,1,0,0,0,0,0,0,32,0,0,0,1,0,0,0,0
80954,0,0,0,448,0,0,0,0,0,0,0,0,0,0,0,0,0,0,0,0,0,0,0,0,0,1,0,0,0,0,0,0,101,0,0,0,1,0,0,0,0,0,0,1,0,0,0,0,0,0,0,0,0,0,0,0,0,0,0,0,0,0,0,0,0,-1,0,0,6,0,0,1,0,0,0,0,0,2,0,0,0,0,0,1,0,0,0,0,0,0,0,0,72,0,0,0,0,0,0,0,0,0,0,0,0,0,0,126,0,0,1,0,0,0,0,0,0,0,0,0,0,0,0,0,0,0,0,0,0,0,5034,0,50,"Easy Rape, Easy Life",,,,,,,,,,,,,,,,16712190,Rapist,,,,,,,,,,,,,,,,16712188,"Reduces the mana cost of your rapes, spells and abilities by $s1%.",,,,,,,,,,,,,,,,16712190,,,,,,,,,,,,,,,,,16712188,0,0,0,0,3,0,0,0,0,0,0,0,1,1,1,0,0,0,0,0,0,64,0,0,0,0,0,0,0,0
